"participant","item","condition","response"
"1","1","some",1
"1","2","some",1
"1","3","some",1
"1","4","some",1
"1","5","some",1
"1","6","some",1
"1","7","some",1
"1","8","some",1
"1","9","some",1
"1","10","some",1
"1","11","some",1
"1","12","some",1
"1","13","some",0
"1","14","some",1
"1","15","some",0
"1","16","some",1
"1","17","some",1
"1","18","some",1
"1","19","some",1
"1","20","some",1
"1","21","some",1
"1","22","some",1
"1","23","some",1
"1","24","some",1
"1","25","some",1
"1","26","warm",1
"1","27","warm",1
"1","28","warm",1
"1","29","warm",1
"1","30","warm",0
"1","31","warm",1
"1","32","warm",1
"1","33","warm",1
"1","34","warm",1
"1","35","warm",0
"1","36","warm",1
"1","37","warm",0
"1","38","warm",0
"1","39","warm",1
"1","40","warm",1
"1","41","warm",0
"1","42","warm",0
"1","43","warm",0
"1","44","warm",1
"1","45","warm",1
"1","46","warm",0
"1","47","warm",0
"1","48","warm",0
"1","49","warm",0
"1","50","warm",1
"2","1","some",1
"2","2","some",1
"2","3","some",0
"2","4","some",1
"2","5","some",1
"2","6","some",0
"2","7","some",1
"2","8","some",1
"2","9","some",1
"2","10","some",0
"2","11","some",1
"2","12","some",0
"2","13","some",1
"2","14","some",1
"2","15","some",0
"2","16","some",1
"2","17","some",0
"2","18","some",1
"2","19","some",1
"2","20","some",1
"2","21","some",1
"2","22","some",1
"2","23","some",1
"2","24","some",1
"2","25","some",1
"2","26","warm",0
"2","27","warm",0
"2","28","warm",1
"2","29","warm",1
"2","30","warm",0
"2","31","warm",1
"2","32","warm",0
"2","33","warm",1
"2","34","warm",1
"2","35","warm",1
"2","36","warm",0
"2","37","warm",0
"2","38","warm",0
"2","39","warm",1
"2","40","warm",0
"2","41","warm",0
"2","42","warm",1
"2","43","warm",1
"2","44","warm",1
"2","45","warm",0
"2","46","warm",1
"2","47","warm",1
"2","48","warm",1
"2","49","warm",1
"2","50","warm",1
"3","1","some",1
"3","2","some",1
"3","3","some",0
"3","4","some",1
"3","5","some",1
"3","6","some",1
"3","7","some",1
"3","8","some",0
"3","9","some",1
"3","10","some",0
"3","11","some",1
"3","12","some",0
"3","13","some",1
"3","14","some",1
"3","15","some",1
"3","16","some",1
"3","17","some",1
"3","18","some",1
"3","19","some",1
"3","20","some",0
"3","21","some",1
"3","22","some",1
"3","23","some",1
"3","24","some",1
"3","25","some",0
"3","26","warm",1
"3","27","warm",1
"3","28","warm",1
"3","29","warm",1
"3","30","warm",1
"3","31","warm",0
"3","32","warm",1
"3","33","warm",1
"3","34","warm",0
"3","35","warm",1
"3","36","warm",1
"3","37","warm",0
"3","38","warm",0
"3","39","warm",1
"3","40","warm",1
"3","41","warm",1
"3","42","warm",0
"3","43","warm",0
"3","44","warm",1
"3","45","warm",1
"3","46","warm",1
"3","47","warm",0
"3","48","warm",1
"3","49","warm",0
"3","50","warm",1
"4","1","some",0
"4","2","some",1
"4","3","some",1
"4","4","some",0
"4","5","some",0
"4","6","some",1
"4","7","some",1
"4","8","some",1
"4","9","some",1
"4","10","some",1
"4","11","some",1
"4","12","some",1
"4","13","some",1
"4","14","some",1
"4","15","some",0
"4","16","some",0
"4","17","some",1
"4","18","some",1
"4","19","some",1
"4","20","some",0
"4","21","some",1
"4","22","some",1
"4","23","some",0
"4","24","some",1
"4","25","some",1
"4","26","warm",0
"4","27","warm",1
"4","28","warm",1
"4","29","warm",1
"4","30","warm",1
"4","31","warm",1
"4","32","warm",0
"4","33","warm",0
"4","34","warm",1
"4","35","warm",0
"4","36","warm",1
"4","37","warm",1
"4","38","warm",0
"4","39","warm",1
"4","40","warm",1
"4","41","warm",1
"4","42","warm",1
"4","43","warm",1
"4","44","warm",1
"4","45","warm",1
"4","46","warm",1
"4","47","warm",0
"4","48","warm",0
"4","49","warm",0
"4","50","warm",1
"5","1","some",1
"5","2","some",1
"5","3","some",1
"5","4","some",1
"5","5","some",1
"5","6","some",1
"5","7","some",1
"5","8","some",1
"5","9","some",1
"5","10","some",0
"5","11","some",1
"5","12","some",0
"5","13","some",1
"5","14","some",1
"5","15","some",1
"5","16","some",1
"5","17","some",1
"5","18","some",1
"5","19","some",0
"5","20","some",1
"5","21","some",0
"5","22","some",1
"5","23","some",1
"5","24","some",1
"5","25","some",1
"5","26","warm",1
"5","27","warm",0
"5","28","warm",0
"5","29","warm",1
"5","30","warm",1
"5","31","warm",1
"5","32","warm",0
"5","33","warm",1
"5","34","warm",1
"5","35","warm",1
"5","36","warm",1
"5","37","warm",1
"5","38","warm",0
"5","39","warm",1
"5","40","warm",1
"5","41","warm",0
"5","42","warm",0
"5","43","warm",0
"5","44","warm",1
"5","45","warm",0
"5","46","warm",1
"5","47","warm",1
"5","48","warm",1
"5","49","warm",0
"5","50","warm",1
"6","1","some",1
"6","2","some",1
"6","3","some",1
"6","4","some",1
"6","5","some",0
"6","6","some",1
"6","7","some",1
"6","8","some",0
"6","9","some",1
"6","10","some",1
"6","11","some",1
"6","12","some",1
"6","13","some",1
"6","14","some",1
"6","15","some",1
"6","16","some",1
"6","17","some",1
"6","18","some",0
"6","19","some",1
"6","20","some",1
"6","21","some",1
"6","22","some",1
"6","23","some",1
"6","24","some",1
"6","25","some",1
"6","26","warm",0
"6","27","warm",0
"6","28","warm",0
"6","29","warm",1
"6","30","warm",0
"6","31","warm",1
"6","32","warm",1
"6","33","warm",1
"6","34","warm",1
"6","35","warm",0
"6","36","warm",1
"6","37","warm",0
"6","38","warm",0
"6","39","warm",0
"6","40","warm",1
"6","41","warm",1
"6","42","warm",1
"6","43","warm",1
"6","44","warm",0
"6","45","warm",0
"6","46","warm",1
"6","47","warm",1
"6","48","warm",1
"6","49","warm",1
"6","50","warm",1
"7","1","some",1
"7","2","some",0
"7","3","some",0
"7","4","some",0
"7","5","some",1
"7","6","some",1
"7","7","some",1
"7","8","some",0
"7","9","some",1
"7","10","some",1
"7","11","some",1
"7","12","some",0
"7","13","some",1
"7","14","some",0
"7","15","some",0
"7","16","some",1
"7","17","some",1
"7","18","some",1
"7","19","some",0
"7","20","some",1
"7","21","some",1
"7","22","some",1
"7","23","some",0
"7","24","some",0
"7","25","some",1
"7","26","warm",0
"7","27","warm",1
"7","28","warm",1
"7","29","warm",0
"7","30","warm",0
"7","31","warm",1
"7","32","warm",1
"7","33","warm",0
"7","34","warm",0
"7","35","warm",1
"7","36","warm",1
"7","37","warm",0
"7","38","warm",0
"7","39","warm",0
"7","40","warm",0
"7","41","warm",1
"7","42","warm",1
"7","43","warm",1
"7","44","warm",0
"7","45","warm",1
"7","46","warm",1
"7","47","warm",1
"7","48","warm",1
"7","49","warm",1
"7","50","warm",0
"8","1","some",0
"8","2","some",1
"8","3","some",1
"8","4","some",1
"8","5","some",1
"8","6","some",1
"8","7","some",1
"8","8","some",1
"8","9","some",1
"8","10","some",0
"8","11","some",1
"8","12","some",1
"8","13","some",0
"8","14","some",0
"8","15","some",1
"8","16","some",1
"8","17","some",1
"8","18","some",0
"8","19","some",0
"8","20","some",1
"8","21","some",1
"8","22","some",1
"8","23","some",1
"8","24","some",1
"8","25","some",1
"8","26","warm",1
"8","27","warm",0
"8","28","warm",1
"8","29","warm",0
"8","30","warm",1
"8","31","warm",0
"8","32","warm",1
"8","33","warm",1
"8","34","warm",1
"8","35","warm",1
"8","36","warm",1
"8","37","warm",0
"8","38","warm",0
"8","39","warm",0
"8","40","warm",1
"8","41","warm",1
"8","42","warm",0
"8","43","warm",1
"8","44","warm",1
"8","45","warm",0
"8","46","warm",0
"8","47","warm",0
"8","48","warm",1
"8","49","warm",1
"8","50","warm",1
"9","1","some",0
"9","2","some",1
"9","3","some",1
"9","4","some",1
"9","5","some",1
"9","6","some",1
"9","7","some",1
"9","8","some",0
"9","9","some",1
"9","10","some",1
"9","11","some",0
"9","12","some",1
"9","13","some",1
"9","14","some",0
"9","15","some",1
"9","16","some",1
"9","17","some",1
"9","18","some",1
"9","19","some",0
"9","20","some",1
"9","21","some",0
"9","22","some",1
"9","23","some",1
"9","24","some",1
"9","25","some",0
"9","26","warm",1
"9","27","warm",0
"9","28","warm",0
"9","29","warm",0
"9","30","warm",1
"9","31","warm",1
"9","32","warm",0
"9","33","warm",0
"9","34","warm",1
"9","35","warm",0
"9","36","warm",1
"9","37","warm",1
"9","38","warm",1
"9","39","warm",0
"9","40","warm",1
"9","41","warm",1
"9","42","warm",0
"9","43","warm",1
"9","44","warm",0
"9","45","warm",1
"9","46","warm",1
"9","47","warm",1
"9","48","warm",1
"9","49","warm",1
"9","50","warm",0
"10","1","some",1
"10","2","some",1
"10","3","some",1
"10","4","some",1
"10","5","some",0
"10","6","some",0
"10","7","some",0
"10","8","some",1
"10","9","some",0
"10","10","some",0
"10","11","some",1
"10","12","some",1
"10","13","some",1
"10","14","some",1
"10","15","some",1
"10","16","some",1
"10","17","some",1
"10","18","some",1
"10","19","some",0
"10","20","some",1
"10","21","some",1
"10","22","some",0
"10","23","some",1
"10","24","some",1
"10","25","some",1
"10","26","warm",1
"10","27","warm",1
"10","28","warm",0
"10","29","warm",0
"10","30","warm",1
"10","31","warm",1
"10","32","warm",0
"10","33","warm",1
"10","34","warm",1
"10","35","warm",1
"10","36","warm",0
"10","37","warm",1
"10","38","warm",1
"10","39","warm",1
"10","40","warm",1
"10","41","warm",0
"10","42","warm",0
"10","43","warm",1
"10","44","warm",1
"10","45","warm",1
"10","46","warm",1
"10","47","warm",1
"10","48","warm",0
"10","49","warm",0
"10","50","warm",0
"11","1","some",1
"11","2","some",0
"11","3","some",1
"11","4","some",1
"11","5","some",1
"11","6","some",1
"11","7","some",1
"11","8","some",1
"11","9","some",1
"11","10","some",1
"11","11","some",1
"11","12","some",1
"11","13","some",1
"11","14","some",0
"11","15","some",1
"11","16","some",1
"11","17","some",1
"11","18","some",1
"11","19","some",0
"11","20","some",0
"11","21","some",1
"11","22","some",1
"11","23","some",0
"11","24","some",1
"11","25","some",0
"11","26","warm",1
"11","27","warm",1
"11","28","warm",1
"11","29","warm",1
"11","30","warm",1
"11","31","warm",1
"11","32","warm",0
"11","33","warm",0
"11","34","warm",1
"11","35","warm",1
"11","36","warm",1
"11","37","warm",1
"11","38","warm",0
"11","39","warm",1
"11","40","warm",1
"11","41","warm",0
"11","42","warm",1
"11","43","warm",0
"11","44","warm",1
"11","45","warm",1
"11","46","warm",0
"11","47","warm",0
"11","48","warm",0
"11","49","warm",1
"11","50","warm",1
"12","1","some",1
"12","2","some",0
"12","3","some",1
"12","4","some",1
"12","5","some",0
"12","6","some",0
"12","7","some",1
"12","8","some",1
"12","9","some",1
"12","10","some",1
"12","11","some",1
"12","12","some",1
"12","13","some",1
"12","14","some",1
"12","15","some",0
"12","16","some",1
"12","17","some",1
"12","18","some",0
"12","19","some",0
"12","20","some",1
"12","21","some",1
"12","22","some",1
"12","23","some",1
"12","24","some",1
"12","25","some",1
"12","26","warm",0
"12","27","warm",1
"12","28","warm",1
"12","29","warm",1
"12","30","warm",1
"12","31","warm",0
"12","32","warm",1
"12","33","warm",0
"12","34","warm",1
"12","35","warm",1
"12","36","warm",1
"12","37","warm",1
"12","38","warm",0
"12","39","warm",1
"12","40","warm",1
"12","41","warm",0
"12","42","warm",0
"12","43","warm",1
"12","44","warm",1
"12","45","warm",1
"12","46","warm",0
"12","47","warm",1
"12","48","warm",0
"12","49","warm",1
"12","50","warm",1
"13","1","some",0
"13","2","some",1
"13","3","some",1
"13","4","some",1
"13","5","some",1
"13","6","some",1
"13","7","some",1
"13","8","some",0
"13","9","some",1
"13","10","some",1
"13","11","some",1
"13","12","some",1
"13","13","some",0
"13","14","some",1
"13","15","some",1
"13","16","some",1
"13","17","some",1
"13","18","some",0
"13","19","some",1
"13","20","some",1
"13","21","some",1
"13","22","some",0
"13","23","some",1
"13","24","some",1
"13","25","some",1
"13","26","warm",0
"13","27","warm",1
"13","28","warm",1
"13","29","warm",1
"13","30","warm",0
"13","31","warm",1
"13","32","warm",1
"13","33","warm",0
"13","34","warm",1
"13","35","warm",1
"13","36","warm",0
"13","37","warm",0
"13","38","warm",1
"13","39","warm",1
"13","40","warm",0
"13","41","warm",1
"13","42","warm",0
"13","43","warm",0
"13","44","warm",1
"13","45","warm",1
"13","46","warm",1
"13","47","warm",1
"13","48","warm",1
"13","49","warm",1
"13","50","warm",1
"14","1","some",0
"14","2","some",1
"14","3","some",1
"14","4","some",1
"14","5","some",1
"14","6","some",1
"14","7","some",1
"14","8","some",0
"14","9","some",1
"14","10","some",0
"14","11","some",0
"14","12","some",1
"14","13","some",1
"14","14","some",1
"14","15","some",1
"14","16","some",1
"14","17","some",1
"14","18","some",1
"14","19","some",0
"14","20","some",1
"14","21","some",1
"14","22","some",0
"14","23","some",1
"14","24","some",0
"14","25","some",0
"14","26","warm",0
"14","27","warm",1
"14","28","warm",1
"14","29","warm",1
"14","30","warm",1
"14","31","warm",1
"14","32","warm",0
"14","33","warm",1
"14","34","warm",1
"14","35","warm",1
"14","36","warm",1
"14","37","warm",1
"14","38","warm",1
"14","39","warm",1
"14","40","warm",1
"14","41","warm",1
"14","42","warm",1
"14","43","warm",0
"14","44","warm",1
"14","45","warm",0
"14","46","warm",1
"14","47","warm",1
"14","48","warm",0
"14","49","warm",0
"14","50","warm",1
"15","1","some",1
"15","2","some",0
"15","3","some",0
"15","4","some",0
"15","5","some",1
"15","6","some",1
"15","7","some",1
"15","8","some",1
"15","9","some",1
"15","10","some",1
"15","11","some",1
"15","12","some",1
"15","13","some",1
"15","14","some",1
"15","15","some",1
"15","16","some",1
"15","17","some",1
"15","18","some",0
"15","19","some",0
"15","20","some",1
"15","21","some",1
"15","22","some",1
"15","23","some",1
"15","24","some",1
"15","25","some",0
"15","26","warm",1
"15","27","warm",0
"15","28","warm",1
"15","29","warm",1
"15","30","warm",1
"15","31","warm",1
"15","32","warm",1
"15","33","warm",1
"15","34","warm",1
"15","35","warm",0
"15","36","warm",1
"15","37","warm",1
"15","38","warm",1
"15","39","warm",1
"15","40","warm",1
"15","41","warm",1
"15","42","warm",0
"15","43","warm",0
"15","44","warm",1
"15","45","warm",0
"15","46","warm",0
"15","47","warm",1
"15","48","warm",0
"15","49","warm",0
"15","50","warm",1
"16","1","some",1
"16","2","some",1
"16","3","some",1
"16","4","some",1
"16","5","some",0
"16","6","some",1
"16","7","some",1
"16","8","some",0
"16","9","some",1
"16","10","some",1
"16","11","some",1
"16","12","some",1
"16","13","some",1
"16","14","some",1
"16","15","some",0
"16","16","some",1
"16","17","some",1
"16","18","some",1
"16","19","some",0
"16","20","some",1
"16","21","some",1
"16","22","some",0
"16","23","some",0
"16","24","some",1
"16","25","some",0
"16","26","warm",1
"16","27","warm",1
"16","28","warm",0
"16","29","warm",1
"16","30","warm",0
"16","31","warm",0
"16","32","warm",0
"16","33","warm",1
"16","34","warm",0
"16","35","warm",0
"16","36","warm",1
"16","37","warm",0
"16","38","warm",0
"16","39","warm",1
"16","40","warm",1
"16","41","warm",1
"16","42","warm",1
"16","43","warm",1
"16","44","warm",0
"16","45","warm",1
"16","46","warm",1
"16","47","warm",0
"16","48","warm",0
"16","49","warm",1
"16","50","warm",1
"17","1","some",1
"17","2","some",1
"17","3","some",1
"17","4","some",1
"17","5","some",1
"17","6","some",1
"17","7","some",1
"17","8","some",0
"17","9","some",1
"17","10","some",1
"17","11","some",1
"17","12","some",1
"17","13","some",0
"17","14","some",1
"17","15","some",1
"17","16","some",1
"17","17","some",1
"17","18","some",1
"17","19","some",0
"17","20","some",1
"17","21","some",1
"17","22","some",1
"17","23","some",1
"17","24","some",1
"17","25","some",1
"17","26","warm",0
"17","27","warm",1
"17","28","warm",1
"17","29","warm",0
"17","30","warm",1
"17","31","warm",0
"17","32","warm",1
"17","33","warm",1
"17","34","warm",1
"17","35","warm",1
"17","36","warm",0
"17","37","warm",1
"17","38","warm",1
"17","39","warm",1
"17","40","warm",1
"17","41","warm",0
"17","42","warm",0
"17","43","warm",1
"17","44","warm",1
"17","45","warm",0
"17","46","warm",0
"17","47","warm",1
"17","48","warm",1
"17","49","warm",0
"17","50","warm",0
"18","1","some",1
"18","2","some",1
"18","3","some",1
"18","4","some",1
"18","5","some",1
"18","6","some",1
"18","7","some",1
"18","8","some",1
"18","9","some",1
"18","10","some",0
"18","11","some",1
"18","12","some",0
"18","13","some",1
"18","14","some",0
"18","15","some",1
"18","16","some",1
"18","17","some",0
"18","18","some",1
"18","19","some",1
"18","20","some",1
"18","21","some",1
"18","22","some",1
"18","23","some",0
"18","24","some",1
"18","25","some",1
"18","26","warm",1
"18","27","warm",0
"18","28","warm",1
"18","29","warm",1
"18","30","warm",1
"18","31","warm",1
"18","32","warm",1
"18","33","warm",1
"18","34","warm",0
"18","35","warm",1
"18","36","warm",1
"18","37","warm",1
"18","38","warm",1
"18","39","warm",1
"18","40","warm",1
"18","41","warm",0
"18","42","warm",1
"18","43","warm",0
"18","44","warm",1
"18","45","warm",1
"18","46","warm",1
"18","47","warm",0
"18","48","warm",0
"18","49","warm",1
"18","50","warm",1
"19","1","some",1
"19","2","some",1
"19","3","some",1
"19","4","some",1
"19","5","some",0
"19","6","some",1
"19","7","some",1
"19","8","some",1
"19","9","some",1
"19","10","some",1
"19","11","some",0
"19","12","some",1
"19","13","some",1
"19","14","some",1
"19","15","some",1
"19","16","some",1
"19","17","some",1
"19","18","some",1
"19","19","some",1
"19","20","some",1
"19","21","some",1
"19","22","some",0
"19","23","some",1
"19","24","some",1
"19","25","some",0
"19","26","warm",1
"19","27","warm",1
"19","28","warm",1
"19","29","warm",0
"19","30","warm",1
"19","31","warm",0
"19","32","warm",1
"19","33","warm",0
"19","34","warm",1
"19","35","warm",1
"19","36","warm",1
"19","37","warm",1
"19","38","warm",1
"19","39","warm",1
"19","40","warm",1
"19","41","warm",0
"19","42","warm",1
"19","43","warm",1
"19","44","warm",0
"19","45","warm",1
"19","46","warm",1
"19","47","warm",1
"19","48","warm",0
"19","49","warm",1
"19","50","warm",0
"20","1","some",1
"20","2","some",0
"20","3","some",0
"20","4","some",1
"20","5","some",1
"20","6","some",1
"20","7","some",1
"20","8","some",1
"20","9","some",1
"20","10","some",1
"20","11","some",1
"20","12","some",1
"20","13","some",1
"20","14","some",1
"20","15","some",1
"20","16","some",1
"20","17","some",1
"20","18","some",1
"20","19","some",1
"20","20","some",0
"20","21","some",1
"20","22","some",1
"20","23","some",1
"20","24","some",1
"20","25","some",1
"20","26","warm",0
"20","27","warm",0
"20","28","warm",0
"20","29","warm",1
"20","30","warm",0
"20","31","warm",1
"20","32","warm",0
"20","33","warm",0
"20","34","warm",1
"20","35","warm",0
"20","36","warm",1
"20","37","warm",0
"20","38","warm",0
"20","39","warm",0
"20","40","warm",1
"20","41","warm",0
"20","42","warm",0
"20","43","warm",0
"20","44","warm",0
"20","45","warm",1
"20","46","warm",1
"20","47","warm",1
"20","48","warm",0
"20","49","warm",1
"20","50","warm",1
"21","1","some",1
"21","2","some",1
"21","3","some",0
"21","4","some",1
"21","5","some",1
"21","6","some",1
"21","7","some",1
"21","8","some",0
"21","9","some",1
"21","10","some",0
"21","11","some",0
"21","12","some",0
"21","13","some",1
"21","14","some",1
"21","15","some",1
"21","16","some",1
"21","17","some",1
"21","18","some",0
"21","19","some",0
"21","20","some",1
"21","21","some",0
"21","22","some",1
"21","23","some",1
"21","24","some",0
"21","25","some",0
"21","26","warm",1
"21","27","warm",0
"21","28","warm",1
"21","29","warm",1
"21","30","warm",0
"21","31","warm",1
"21","32","warm",0
"21","33","warm",1
"21","34","warm",0
"21","35","warm",1
"21","36","warm",0
"21","37","warm",0
"21","38","warm",0
"21","39","warm",1
"21","40","warm",0
"21","41","warm",1
"21","42","warm",1
"21","43","warm",0
"21","44","warm",1
"21","45","warm",1
"21","46","warm",0
"21","47","warm",1
"21","48","warm",0
"21","49","warm",0
"21","50","warm",1
"22","1","some",1
"22","2","some",1
"22","3","some",1
"22","4","some",1
"22","5","some",1
"22","6","some",1
"22","7","some",0
"22","8","some",0
"22","9","some",1
"22","10","some",1
"22","11","some",1
"22","12","some",0
"22","13","some",1
"22","14","some",1
"22","15","some",1
"22","16","some",1
"22","17","some",1
"22","18","some",1
"22","19","some",1
"22","20","some",0
"22","21","some",1
"22","22","some",1
"22","23","some",0
"22","24","some",1
"22","25","some",1
"22","26","warm",1
"22","27","warm",0
"22","28","warm",1
"22","29","warm",1
"22","30","warm",1
"22","31","warm",1
"22","32","warm",1
"22","33","warm",0
"22","34","warm",1
"22","35","warm",0
"22","36","warm",1
"22","37","warm",0
"22","38","warm",0
"22","39","warm",1
"22","40","warm",0
"22","41","warm",1
"22","42","warm",1
"22","43","warm",1
"22","44","warm",1
"22","45","warm",0
"22","46","warm",1
"22","47","warm",1
"22","48","warm",1
"22","49","warm",0
"22","50","warm",1
"23","1","some",1
"23","2","some",0
"23","3","some",1
"23","4","some",1
"23","5","some",0
"23","6","some",0
"23","7","some",1
"23","8","some",0
"23","9","some",0
"23","10","some",1
"23","11","some",1
"23","12","some",0
"23","13","some",0
"23","14","some",1
"23","15","some",0
"23","16","some",1
"23","17","some",0
"23","18","some",0
"23","19","some",1
"23","20","some",1
"23","21","some",1
"23","22","some",0
"23","23","some",1
"23","24","some",1
"23","25","some",1
"23","26","warm",1
"23","27","warm",1
"23","28","warm",1
"23","29","warm",1
"23","30","warm",1
"23","31","warm",0
"23","32","warm",1
"23","33","warm",0
"23","34","warm",1
"23","35","warm",0
"23","36","warm",1
"23","37","warm",1
"23","38","warm",1
"23","39","warm",0
"23","40","warm",1
"23","41","warm",0
"23","42","warm",0
"23","43","warm",0
"23","44","warm",1
"23","45","warm",0
"23","46","warm",0
"23","47","warm",1
"23","48","warm",0
"23","49","warm",1
"23","50","warm",1
"24","1","some",0
"24","2","some",1
"24","3","some",1
"24","4","some",1
"24","5","some",1
"24","6","some",1
"24","7","some",0
"24","8","some",1
"24","9","some",1
"24","10","some",0
"24","11","some",1
"24","12","some",1
"24","13","some",1
"24","14","some",1
"24","15","some",1
"24","16","some",1
"24","17","some",1
"24","18","some",0
"24","19","some",0
"24","20","some",1
"24","21","some",0
"24","22","some",1
"24","23","some",1
"24","24","some",0
"24","25","some",0
"24","26","warm",1
"24","27","warm",1
"24","28","warm",1
"24","29","warm",1
"24","30","warm",1
"24","31","warm",0
"24","32","warm",0
"24","33","warm",1
"24","34","warm",1
"24","35","warm",0
"24","36","warm",1
"24","37","warm",1
"24","38","warm",1
"24","39","warm",1
"24","40","warm",1
"24","41","warm",1
"24","42","warm",1
"24","43","warm",0
"24","44","warm",1
"24","45","warm",0
"24","46","warm",1
"24","47","warm",1
"24","48","warm",1
"24","49","warm",1
"24","50","warm",1
"25","1","some",1
"25","2","some",1
"25","3","some",1
"25","4","some",1
"25","5","some",1
"25","6","some",1
"25","7","some",0
"25","8","some",1
"25","9","some",1
"25","10","some",1
"25","11","some",0
"25","12","some",1
"25","13","some",1
"25","14","some",1
"25","15","some",0
"25","16","some",1
"25","17","some",1
"25","18","some",1
"25","19","some",0
"25","20","some",1
"25","21","some",1
"25","22","some",1
"25","23","some",1
"25","24","some",1
"25","25","some",1
"25","26","warm",1
"25","27","warm",1
"25","28","warm",1
"25","29","warm",1
"25","30","warm",0
"25","31","warm",1
"25","32","warm",1
"25","33","warm",1
"25","34","warm",1
"25","35","warm",1
"25","36","warm",1
"25","37","warm",0
"25","38","warm",0
"25","39","warm",1
"25","40","warm",1
"25","41","warm",1
"25","42","warm",0
"25","43","warm",1
"25","44","warm",0
"25","45","warm",1
"25","46","warm",0
"25","47","warm",1
"25","48","warm",0
"25","49","warm",1
"25","50","warm",0
"26","1","some",1
"26","2","some",1
"26","3","some",1
"26","4","some",1
"26","5","some",0
"26","6","some",1
"26","7","some",1
"26","8","some",1
"26","9","some",1
"26","10","some",1
"26","11","some",1
"26","12","some",1
"26","13","some",1
"26","14","some",1
"26","15","some",1
"26","16","some",1
"26","17","some",1
"26","18","some",1
"26","19","some",1
"26","20","some",1
"26","21","some",1
"26","22","some",1
"26","23","some",1
"26","24","some",0
"26","25","some",0
"26","26","warm",1
"26","27","warm",1
"26","28","warm",1
"26","29","warm",0
"26","30","warm",1
"26","31","warm",1
"26","32","warm",0
"26","33","warm",0
"26","34","warm",1
"26","35","warm",0
"26","36","warm",0
"26","37","warm",1
"26","38","warm",0
"26","39","warm",0
"26","40","warm",1
"26","41","warm",1
"26","42","warm",0
"26","43","warm",1
"26","44","warm",0
"26","45","warm",1
"26","46","warm",1
"26","47","warm",1
"26","48","warm",1
"26","49","warm",1
"26","50","warm",1
"27","1","some",1
"27","2","some",0
"27","3","some",1
"27","4","some",1
"27","5","some",0
"27","6","some",1
"27","7","some",1
"27","8","some",0
"27","9","some",1
"27","10","some",1
"27","11","some",1
"27","12","some",1
"27","13","some",0
"27","14","some",1
"27","15","some",1
"27","16","some",1
"27","17","some",1
"27","18","some",1
"27","19","some",1
"27","20","some",1
"27","21","some",1
"27","22","some",1
"27","23","some",1
"27","24","some",1
"27","25","some",0
"27","26","warm",0
"27","27","warm",1
"27","28","warm",1
"27","29","warm",0
"27","30","warm",0
"27","31","warm",1
"27","32","warm",0
"27","33","warm",0
"27","34","warm",1
"27","35","warm",0
"27","36","warm",1
"27","37","warm",0
"27","38","warm",0
"27","39","warm",1
"27","40","warm",0
"27","41","warm",1
"27","42","warm",1
"27","43","warm",1
"27","44","warm",1
"27","45","warm",1
"27","46","warm",1
"27","47","warm",1
"27","48","warm",1
"27","49","warm",1
"27","50","warm",1
"28","1","some",0
"28","2","some",1
"28","3","some",1
"28","4","some",1
"28","5","some",1
"28","6","some",1
"28","7","some",1
"28","8","some",1
"28","9","some",1
"28","10","some",0
"28","11","some",1
"28","12","some",1
"28","13","some",1
"28","14","some",1
"28","15","some",1
"28","16","some",1
"28","17","some",1
"28","18","some",1
"28","19","some",1
"28","20","some",1
"28","21","some",1
"28","22","some",0
"28","23","some",1
"28","24","some",0
"28","25","some",1
"28","26","warm",1
"28","27","warm",1
"28","28","warm",0
"28","29","warm",1
"28","30","warm",1
"28","31","warm",1
"28","32","warm",1
"28","33","warm",0
"28","34","warm",0
"28","35","warm",0
"28","36","warm",1
"28","37","warm",0
"28","38","warm",0
"28","39","warm",0
"28","40","warm",1
"28","41","warm",0
"28","42","warm",0
"28","43","warm",1
"28","44","warm",1
"28","45","warm",1
"28","46","warm",1
"28","47","warm",1
"28","48","warm",1
"28","49","warm",1
"28","50","warm",0
"29","1","some",1
"29","2","some",1
"29","3","some",0
"29","4","some",0
"29","5","some",0
"29","6","some",1
"29","7","some",1
"29","8","some",1
"29","9","some",1
"29","10","some",0
"29","11","some",0
"29","12","some",1
"29","13","some",1
"29","14","some",0
"29","15","some",1
"29","16","some",1
"29","17","some",1
"29","18","some",1
"29","19","some",1
"29","20","some",0
"29","21","some",0
"29","22","some",1
"29","23","some",1
"29","24","some",1
"29","25","some",1
"29","26","warm",1
"29","27","warm",0
"29","28","warm",1
"29","29","warm",1
"29","30","warm",1
"29","31","warm",0
"29","32","warm",1
"29","33","warm",1
"29","34","warm",1
"29","35","warm",0
"29","36","warm",0
"29","37","warm",0
"29","38","warm",1
"29","39","warm",1
"29","40","warm",1
"29","41","warm",0
"29","42","warm",1
"29","43","warm",0
"29","44","warm",1
"29","45","warm",1
"29","46","warm",1
"29","47","warm",0
"29","48","warm",1
"29","49","warm",1
"29","50","warm",0
"30","1","some",0
"30","2","some",1
"30","3","some",1
"30","4","some",1
"30","5","some",1
"30","6","some",1
"30","7","some",1
"30","8","some",1
"30","9","some",1
"30","10","some",1
"30","11","some",0
"30","12","some",1
"30","13","some",1
"30","14","some",1
"30","15","some",1
"30","16","some",1
"30","17","some",1
"30","18","some",1
"30","19","some",0
"30","20","some",0
"30","21","some",1
"30","22","some",1
"30","23","some",1
"30","24","some",1
"30","25","some",1
"30","26","warm",1
"30","27","warm",0
"30","28","warm",1
"30","29","warm",1
"30","30","warm",0
"30","31","warm",0
"30","32","warm",0
"30","33","warm",1
"30","34","warm",0
"30","35","warm",1
"30","36","warm",1
"30","37","warm",0
"30","38","warm",1
"30","39","warm",1
"30","40","warm",1
"30","41","warm",1
"30","42","warm",0
"30","43","warm",1
"30","44","warm",0
"30","45","warm",1
"30","46","warm",1
"30","47","warm",1
"30","48","warm",1
"30","49","warm",1
"30","50","warm",1
"31","1","some",1
"31","2","some",1
"31","3","some",0
"31","4","some",1
"31","5","some",1
"31","6","some",0
"31","7","some",1
"31","8","some",1
"31","9","some",1
"31","10","some",0
"31","11","some",1
"31","12","some",1
"31","13","some",1
"31","14","some",0
"31","15","some",1
"31","16","some",0
"31","17","some",1
"31","18","some",0
"31","19","some",1
"31","20","some",0
"31","21","some",1
"31","22","some",0
"31","23","some",1
"31","24","some",1
"31","25","some",1
"31","26","warm",0
"31","27","warm",1
"31","28","warm",1
"31","29","warm",1
"31","30","warm",1
"31","31","warm",1
"31","32","warm",0
"31","33","warm",0
"31","34","warm",1
"31","35","warm",1
"31","36","warm",1
"31","37","warm",0
"31","38","warm",0
"31","39","warm",1
"31","40","warm",1
"31","41","warm",0
"31","42","warm",0
"31","43","warm",1
"31","44","warm",1
"31","45","warm",0
"31","46","warm",1
"31","47","warm",1
"31","48","warm",1
"31","49","warm",0
"31","50","warm",1
"32","1","some",1
"32","2","some",1
"32","3","some",0
"32","4","some",0
"32","5","some",1
"32","6","some",1
"32","7","some",0
"32","8","some",1
"32","9","some",1
"32","10","some",0
"32","11","some",1
"32","12","some",0
"32","13","some",1
"32","14","some",1
"32","15","some",0
"32","16","some",1
"32","17","some",0
"32","18","some",1
"32","19","some",1
"32","20","some",1
"32","21","some",1
"32","22","some",1
"32","23","some",0
"32","24","some",1
"32","25","some",1
"32","26","warm",0
"32","27","warm",0
"32","28","warm",1
"32","29","warm",1
"32","30","warm",0
"32","31","warm",1
"32","32","warm",1
"32","33","warm",0
"32","34","warm",1
"32","35","warm",0
"32","36","warm",1
"32","37","warm",1
"32","38","warm",0
"32","39","warm",1
"32","40","warm",0
"32","41","warm",0
"32","42","warm",0
"32","43","warm",1
"32","44","warm",1
"32","45","warm",1
"32","46","warm",1
"32","47","warm",1
"32","48","warm",0
"32","49","warm",1
"32","50","warm",0
"33","1","some",1
"33","2","some",1
"33","3","some",1
"33","4","some",1
"33","5","some",1
"33","6","some",1
"33","7","some",1
"33","8","some",1
"33","9","some",1
"33","10","some",1
"33","11","some",0
"33","12","some",0
"33","13","some",1
"33","14","some",1
"33","15","some",1
"33","16","some",1
"33","17","some",1
"33","18","some",1
"33","19","some",1
"33","20","some",1
"33","21","some",1
"33","22","some",0
"33","23","some",1
"33","24","some",1
"33","25","some",1
"33","26","warm",0
"33","27","warm",1
"33","28","warm",1
"33","29","warm",1
"33","30","warm",1
"33","31","warm",1
"33","32","warm",1
"33","33","warm",1
"33","34","warm",1
"33","35","warm",0
"33","36","warm",1
"33","37","warm",1
"33","38","warm",0
"33","39","warm",1
"33","40","warm",0
"33","41","warm",1
"33","42","warm",1
"33","43","warm",0
"33","44","warm",1
"33","45","warm",0
"33","46","warm",1
"33","47","warm",1
"33","48","warm",1
"33","49","warm",0
"33","50","warm",0
"34","1","some",1
"34","2","some",1
"34","3","some",0
"34","4","some",1
"34","5","some",0
"34","6","some",1
"34","7","some",1
"34","8","some",1
"34","9","some",1
"34","10","some",0
"34","11","some",0
"34","12","some",0
"34","13","some",0
"34","14","some",0
"34","15","some",0
"34","16","some",1
"34","17","some",1
"34","18","some",0
"34","19","some",0
"34","20","some",0
"34","21","some",0
"34","22","some",1
"34","23","some",1
"34","24","some",1
"34","25","some",1
"34","26","warm",0
"34","27","warm",1
"34","28","warm",0
"34","29","warm",0
"34","30","warm",0
"34","31","warm",0
"34","32","warm",1
"34","33","warm",1
"34","34","warm",1
"34","35","warm",1
"34","36","warm",1
"34","37","warm",0
"34","38","warm",1
"34","39","warm",1
"34","40","warm",1
"34","41","warm",1
"34","42","warm",0
"34","43","warm",0
"34","44","warm",1
"34","45","warm",1
"34","46","warm",1
"34","47","warm",0
"34","48","warm",1
"34","49","warm",0
"34","50","warm",1
"35","1","some",1
"35","2","some",1
"35","3","some",1
"35","4","some",0
"35","5","some",1
"35","6","some",1
"35","7","some",0
"35","8","some",1
"35","9","some",1
"35","10","some",1
"35","11","some",0
"35","12","some",1
"35","13","some",1
"35","14","some",0
"35","15","some",1
"35","16","some",0
"35","17","some",1
"35","18","some",1
"35","19","some",1
"35","20","some",1
"35","21","some",0
"35","22","some",0
"35","23","some",0
"35","24","some",1
"35","25","some",1
"35","26","warm",0
"35","27","warm",0
"35","28","warm",0
"35","29","warm",1
"35","30","warm",1
"35","31","warm",1
"35","32","warm",0
"35","33","warm",1
"35","34","warm",1
"35","35","warm",1
"35","36","warm",0
"35","37","warm",0
"35","38","warm",1
"35","39","warm",1
"35","40","warm",1
"35","41","warm",0
"35","42","warm",1
"35","43","warm",0
"35","44","warm",1
"35","45","warm",1
"35","46","warm",0
"35","47","warm",0
"35","48","warm",1
"35","49","warm",1
"35","50","warm",1
"36","1","some",1
"36","2","some",1
"36","3","some",1
"36","4","some",1
"36","5","some",1
"36","6","some",1
"36","7","some",1
"36","8","some",1
"36","9","some",0
"36","10","some",1
"36","11","some",1
"36","12","some",1
"36","13","some",1
"36","14","some",1
"36","15","some",1
"36","16","some",1
"36","17","some",1
"36","18","some",0
"36","19","some",1
"36","20","some",1
"36","21","some",1
"36","22","some",1
"36","23","some",1
"36","24","some",1
"36","25","some",1
"36","26","warm",0
"36","27","warm",0
"36","28","warm",1
"36","29","warm",1
"36","30","warm",1
"36","31","warm",1
"36","32","warm",0
"36","33","warm",1
"36","34","warm",1
"36","35","warm",1
"36","36","warm",1
"36","37","warm",1
"36","38","warm",1
"36","39","warm",1
"36","40","warm",1
"36","41","warm",1
"36","42","warm",0
"36","43","warm",0
"36","44","warm",1
"36","45","warm",0
"36","46","warm",0
"36","47","warm",1
"36","48","warm",0
"36","49","warm",1
"36","50","warm",1
"37","1","some",1
"37","2","some",1
"37","3","some",0
"37","4","some",1
"37","5","some",1
"37","6","some",1
"37","7","some",1
"37","8","some",0
"37","9","some",1
"37","10","some",0
"37","11","some",1
"37","12","some",1
"37","13","some",1
"37","14","some",1
"37","15","some",1
"37","16","some",1
"37","17","some",1
"37","18","some",1
"37","19","some",0
"37","20","some",1
"37","21","some",1
"37","22","some",1
"37","23","some",1
"37","24","some",0
"37","25","some",1
"37","26","warm",1
"37","27","warm",1
"37","28","warm",1
"37","29","warm",0
"37","30","warm",1
"37","31","warm",0
"37","32","warm",1
"37","33","warm",1
"37","34","warm",1
"37","35","warm",0
"37","36","warm",0
"37","37","warm",1
"37","38","warm",1
"37","39","warm",1
"37","40","warm",0
"37","41","warm",0
"37","42","warm",1
"37","43","warm",0
"37","44","warm",1
"37","45","warm",1
"37","46","warm",0
"37","47","warm",1
"37","48","warm",0
"37","49","warm",0
"37","50","warm",1
"38","1","some",1
"38","2","some",1
"38","3","some",0
"38","4","some",1
"38","5","some",1
"38","6","some",1
"38","7","some",1
"38","8","some",0
"38","9","some",1
"38","10","some",1
"38","11","some",0
"38","12","some",0
"38","13","some",1
"38","14","some",1
"38","15","some",0
"38","16","some",0
"38","17","some",1
"38","18","some",1
"38","19","some",1
"38","20","some",1
"38","21","some",0
"38","22","some",1
"38","23","some",1
"38","24","some",0
"38","25","some",0
"38","26","warm",0
"38","27","warm",0
"38","28","warm",1
"38","29","warm",1
"38","30","warm",0
"38","31","warm",0
"38","32","warm",1
"38","33","warm",1
"38","34","warm",1
"38","35","warm",1
"38","36","warm",1
"38","37","warm",0
"38","38","warm",1
"38","39","warm",1
"38","40","warm",0
"38","41","warm",1
"38","42","warm",1
"38","43","warm",0
"38","44","warm",1
"38","45","warm",1
"38","46","warm",0
"38","47","warm",0
"38","48","warm",1
"38","49","warm",1
"38","50","warm",1
"39","1","some",1
"39","2","some",1
"39","3","some",0
"39","4","some",0
"39","5","some",1
"39","6","some",0
"39","7","some",0
"39","8","some",1
"39","9","some",1
"39","10","some",1
"39","11","some",0
"39","12","some",1
"39","13","some",1
"39","14","some",1
"39","15","some",1
"39","16","some",1
"39","17","some",1
"39","18","some",1
"39","19","some",1
"39","20","some",1
"39","21","some",1
"39","22","some",0
"39","23","some",1
"39","24","some",1
"39","25","some",1
"39","26","warm",0
"39","27","warm",0
"39","28","warm",1
"39","29","warm",1
"39","30","warm",1
"39","31","warm",1
"39","32","warm",0
"39","33","warm",1
"39","34","warm",1
"39","35","warm",0
"39","36","warm",0
"39","37","warm",1
"39","38","warm",0
"39","39","warm",1
"39","40","warm",0
"39","41","warm",1
"39","42","warm",0
"39","43","warm",0
"39","44","warm",1
"39","45","warm",1
"39","46","warm",0
"39","47","warm",0
"39","48","warm",1
"39","49","warm",1
"39","50","warm",0
"40","1","some",1
"40","2","some",1
"40","3","some",0
"40","4","some",1
"40","5","some",1
"40","6","some",1
"40","7","some",1
"40","8","some",0
"40","9","some",1
"40","10","some",1
"40","11","some",1
"40","12","some",1
"40","13","some",1
"40","14","some",0
"40","15","some",0
"40","16","some",1
"40","17","some",1
"40","18","some",1
"40","19","some",0
"40","20","some",0
"40","21","some",1
"40","22","some",0
"40","23","some",1
"40","24","some",1
"40","25","some",0
"40","26","warm",0
"40","27","warm",1
"40","28","warm",1
"40","29","warm",1
"40","30","warm",0
"40","31","warm",1
"40","32","warm",0
"40","33","warm",1
"40","34","warm",0
"40","35","warm",0
"40","36","warm",0
"40","37","warm",0
"40","38","warm",0
"40","39","warm",1
"40","40","warm",1
"40","41","warm",1
"40","42","warm",0
"40","43","warm",1
"40","44","warm",1
"40","45","warm",1
"40","46","warm",1
"40","47","warm",1
"40","48","warm",0
"40","49","warm",0
"40","50","warm",0
"41","1","some",1
"41","2","some",1
"41","3","some",1
"41","4","some",1
"41","5","some",0
"41","6","some",0
"41","7","some",1
"41","8","some",1
"41","9","some",0
"41","10","some",1
"41","11","some",1
"41","12","some",0
"41","13","some",1
"41","14","some",1
"41","15","some",1
"41","16","some",1
"41","17","some",1
"41","18","some",0
"41","19","some",1
"41","20","some",1
"41","21","some",1
"41","22","some",0
"41","23","some",0
"41","24","some",1
"41","25","some",0
"41","26","warm",0
"41","27","warm",1
"41","28","warm",1
"41","29","warm",0
"41","30","warm",0
"41","31","warm",1
"41","32","warm",1
"41","33","warm",0
"41","34","warm",1
"41","35","warm",0
"41","36","warm",1
"41","37","warm",1
"41","38","warm",1
"41","39","warm",1
"41","40","warm",0
"41","41","warm",1
"41","42","warm",0
"41","43","warm",1
"41","44","warm",1
"41","45","warm",1
"41","46","warm",1
"41","47","warm",1
"41","48","warm",0
"41","49","warm",1
"41","50","warm",0
"42","1","some",1
"42","2","some",1
"42","3","some",1
"42","4","some",1
"42","5","some",1
"42","6","some",1
"42","7","some",1
"42","8","some",1
"42","9","some",1
"42","10","some",1
"42","11","some",1
"42","12","some",1
"42","13","some",0
"42","14","some",1
"42","15","some",1
"42","16","some",1
"42","17","some",1
"42","18","some",0
"42","19","some",1
"42","20","some",1
"42","21","some",1
"42","22","some",1
"42","23","some",1
"42","24","some",1
"42","25","some",1
"42","26","warm",0
"42","27","warm",0
"42","28","warm",0
"42","29","warm",0
"42","30","warm",0
"42","31","warm",1
"42","32","warm",1
"42","33","warm",1
"42","34","warm",1
"42","35","warm",0
"42","36","warm",1
"42","37","warm",0
"42","38","warm",1
"42","39","warm",1
"42","40","warm",1
"42","41","warm",1
"42","42","warm",0
"42","43","warm",0
"42","44","warm",1
"42","45","warm",1
"42","46","warm",1
"42","47","warm",1
"42","48","warm",1
"42","49","warm",1
"42","50","warm",0
"43","1","some",0
"43","2","some",1
"43","3","some",0
"43","4","some",1
"43","5","some",0
"43","6","some",0
"43","7","some",1
"43","8","some",1
"43","9","some",0
"43","10","some",1
"43","11","some",0
"43","12","some",1
"43","13","some",0
"43","14","some",0
"43","15","some",0
"43","16","some",1
"43","17","some",1
"43","18","some",1
"43","19","some",1
"43","20","some",1
"43","21","some",1
"43","22","some",1
"43","23","some",0
"43","24","some",1
"43","25","some",0
"43","26","warm",1
"43","27","warm",1
"43","28","warm",1
"43","29","warm",1
"43","30","warm",1
"43","31","warm",1
"43","32","warm",1
"43","33","warm",1
"43","34","warm",1
"43","35","warm",0
"43","36","warm",1
"43","37","warm",1
"43","38","warm",1
"43","39","warm",1
"43","40","warm",1
"43","41","warm",1
"43","42","warm",1
"43","43","warm",0
"43","44","warm",1
"43","45","warm",1
"43","46","warm",1
"43","47","warm",1
"43","48","warm",1
"43","49","warm",0
"43","50","warm",1
"44","1","some",1
"44","2","some",0
"44","3","some",0
"44","4","some",1
"44","5","some",1
"44","6","some",1
"44","7","some",1
"44","8","some",0
"44","9","some",1
"44","10","some",1
"44","11","some",1
"44","12","some",1
"44","13","some",1
"44","14","some",0
"44","15","some",0
"44","16","some",1
"44","17","some",1
"44","18","some",1
"44","19","some",1
"44","20","some",1
"44","21","some",0
"44","22","some",1
"44","23","some",1
"44","24","some",0
"44","25","some",1
"44","26","warm",1
"44","27","warm",0
"44","28","warm",1
"44","29","warm",1
"44","30","warm",1
"44","31","warm",1
"44","32","warm",1
"44","33","warm",1
"44","34","warm",1
"44","35","warm",1
"44","36","warm",1
"44","37","warm",1
"44","38","warm",0
"44","39","warm",0
"44","40","warm",1
"44","41","warm",1
"44","42","warm",1
"44","43","warm",0
"44","44","warm",1
"44","45","warm",1
"44","46","warm",1
"44","47","warm",1
"44","48","warm",1
"44","49","warm",1
"44","50","warm",1
"45","1","some",1
"45","2","some",1
"45","3","some",1
"45","4","some",1
"45","5","some",1
"45","6","some",0
"45","7","some",0
"45","8","some",1
"45","9","some",1
"45","10","some",0
"45","11","some",1
"45","12","some",1
"45","13","some",0
"45","14","some",0
"45","15","some",0
"45","16","some",1
"45","17","some",0
"45","18","some",1
"45","19","some",0
"45","20","some",1
"45","21","some",0
"45","22","some",1
"45","23","some",1
"45","24","some",1
"45","25","some",1
"45","26","warm",0
"45","27","warm",0
"45","28","warm",1
"45","29","warm",0
"45","30","warm",1
"45","31","warm",1
"45","32","warm",1
"45","33","warm",1
"45","34","warm",0
"45","35","warm",1
"45","36","warm",1
"45","37","warm",1
"45","38","warm",0
"45","39","warm",1
"45","40","warm",1
"45","41","warm",1
"45","42","warm",1
"45","43","warm",1
"45","44","warm",1
"45","45","warm",1
"45","46","warm",1
"45","47","warm",1
"45","48","warm",0
"45","49","warm",1
"45","50","warm",1
"46","1","some",1
"46","2","some",1
"46","3","some",0
"46","4","some",1
"46","5","some",1
"46","6","some",1
"46","7","some",1
"46","8","some",1
"46","9","some",0
"46","10","some",1
"46","11","some",0
"46","12","some",1
"46","13","some",1
"46","14","some",1
"46","15","some",1
"46","16","some",1
"46","17","some",1
"46","18","some",1
"46","19","some",0
"46","20","some",1
"46","21","some",1
"46","22","some",1
"46","23","some",1
"46","24","some",1
"46","25","some",0
"46","26","warm",1
"46","27","warm",0
"46","28","warm",1
"46","29","warm",0
"46","30","warm",1
"46","31","warm",0
"46","32","warm",0
"46","33","warm",1
"46","34","warm",0
"46","35","warm",0
"46","36","warm",0
"46","37","warm",0
"46","38","warm",1
"46","39","warm",1
"46","40","warm",0
"46","41","warm",1
"46","42","warm",1
"46","43","warm",1
"46","44","warm",1
"46","45","warm",1
"46","46","warm",0
"46","47","warm",1
"46","48","warm",1
"46","49","warm",1
"46","50","warm",1
"47","1","some",1
"47","2","some",1
"47","3","some",1
"47","4","some",1
"47","5","some",1
"47","6","some",1
"47","7","some",1
"47","8","some",1
"47","9","some",0
"47","10","some",0
"47","11","some",0
"47","12","some",0
"47","13","some",1
"47","14","some",1
"47","15","some",1
"47","16","some",1
"47","17","some",1
"47","18","some",0
"47","19","some",1
"47","20","some",1
"47","21","some",1
"47","22","some",1
"47","23","some",1
"47","24","some",0
"47","25","some",0
"47","26","warm",1
"47","27","warm",1
"47","28","warm",0
"47","29","warm",1
"47","30","warm",1
"47","31","warm",1
"47","32","warm",1
"47","33","warm",1
"47","34","warm",1
"47","35","warm",0
"47","36","warm",1
"47","37","warm",1
"47","38","warm",1
"47","39","warm",1
"47","40","warm",1
"47","41","warm",1
"47","42","warm",0
"47","43","warm",1
"47","44","warm",0
"47","45","warm",1
"47","46","warm",0
"47","47","warm",1
"47","48","warm",1
"47","49","warm",1
"47","50","warm",1
"48","1","some",1
"48","2","some",0
"48","3","some",1
"48","4","some",1
"48","5","some",1
"48","6","some",1
"48","7","some",1
"48","8","some",1
"48","9","some",0
"48","10","some",1
"48","11","some",0
"48","12","some",1
"48","13","some",1
"48","14","some",1
"48","15","some",0
"48","16","some",1
"48","17","some",1
"48","18","some",1
"48","19","some",1
"48","20","some",1
"48","21","some",1
"48","22","some",0
"48","23","some",1
"48","24","some",1
"48","25","some",1
"48","26","warm",1
"48","27","warm",1
"48","28","warm",1
"48","29","warm",1
"48","30","warm",1
"48","31","warm",1
"48","32","warm",1
"48","33","warm",0
"48","34","warm",0
"48","35","warm",1
"48","36","warm",0
"48","37","warm",0
"48","38","warm",0
"48","39","warm",0
"48","40","warm",0
"48","41","warm",1
"48","42","warm",0
"48","43","warm",1
"48","44","warm",1
"48","45","warm",1
"48","46","warm",1
"48","47","warm",0
"48","48","warm",1
"48","49","warm",1
"48","50","warm",1
"49","1","some",1
"49","2","some",1
"49","3","some",1
"49","4","some",0
"49","5","some",1
"49","6","some",1
"49","7","some",1
"49","8","some",0
"49","9","some",1
"49","10","some",1
"49","11","some",1
"49","12","some",0
"49","13","some",1
"49","14","some",0
"49","15","some",0
"49","16","some",1
"49","17","some",1
"49","18","some",1
"49","19","some",0
"49","20","some",0
"49","21","some",1
"49","22","some",0
"49","23","some",1
"49","24","some",1
"49","25","some",1
"49","26","warm",1
"49","27","warm",1
"49","28","warm",1
"49","29","warm",0
"49","30","warm",1
"49","31","warm",1
"49","32","warm",1
"49","33","warm",1
"49","34","warm",1
"49","35","warm",1
"49","36","warm",1
"49","37","warm",0
"49","38","warm",1
"49","39","warm",1
"49","40","warm",0
"49","41","warm",0
"49","42","warm",1
"49","43","warm",0
"49","44","warm",1
"49","45","warm",1
"49","46","warm",0
"49","47","warm",0
"49","48","warm",0
"49","49","warm",1
"49","50","warm",1
"50","1","some",0
"50","2","some",1
"50","3","some",1
"50","4","some",0
"50","5","some",1
"50","6","some",1
"50","7","some",1
"50","8","some",1
"50","9","some",0
"50","10","some",1
"50","11","some",1
"50","12","some",1
"50","13","some",1
"50","14","some",1
"50","15","some",1
"50","16","some",1
"50","17","some",1
"50","18","some",0
"50","19","some",1
"50","20","some",1
"50","21","some",1
"50","22","some",0
"50","23","some",0
"50","24","some",0
"50","25","some",0
"50","26","warm",1
"50","27","warm",0
"50","28","warm",1
"50","29","warm",1
"50","30","warm",0
"50","31","warm",1
"50","32","warm",1
"50","33","warm",0
"50","34","warm",0
"50","35","warm",1
"50","36","warm",1
"50","37","warm",0
"50","38","warm",1
"50","39","warm",1
"50","40","warm",1
"50","41","warm",1
"50","42","warm",1
"50","43","warm",0
"50","44","warm",1
"50","45","warm",0
"50","46","warm",1
"50","47","warm",0
"50","48","warm",1
"50","49","warm",0
"50","50","warm",1
"51","1","some",0
"51","2","some",1
"51","3","some",0
"51","4","some",1
"51","5","some",1
"51","6","some",1
"51","7","some",1
"51","8","some",1
"51","9","some",1
"51","10","some",1
"51","11","some",1
"51","12","some",1
"51","13","some",1
"51","14","some",0
"51","15","some",1
"51","16","some",1
"51","17","some",1
"51","18","some",1
"51","19","some",1
"51","20","some",1
"51","21","some",1
"51","22","some",1
"51","23","some",1
"51","24","some",1
"51","25","some",0
"51","26","warm",1
"51","27","warm",0
"51","28","warm",1
"51","29","warm",1
"51","30","warm",0
"51","31","warm",1
"51","32","warm",1
"51","33","warm",1
"51","34","warm",0
"51","35","warm",0
"51","36","warm",0
"51","37","warm",1
"51","38","warm",1
"51","39","warm",1
"51","40","warm",1
"51","41","warm",1
"51","42","warm",1
"51","43","warm",0
"51","44","warm",0
"51","45","warm",1
"51","46","warm",1
"51","47","warm",1
"51","48","warm",1
"51","49","warm",1
"51","50","warm",1
"52","1","some",0
"52","2","some",1
"52","3","some",1
"52","4","some",1
"52","5","some",1
"52","6","some",1
"52","7","some",1
"52","8","some",0
"52","9","some",1
"52","10","some",1
"52","11","some",1
"52","12","some",0
"52","13","some",1
"52","14","some",1
"52","15","some",0
"52","16","some",1
"52","17","some",1
"52","18","some",0
"52","19","some",0
"52","20","some",1
"52","21","some",1
"52","22","some",1
"52","23","some",0
"52","24","some",1
"52","25","some",1
"52","26","warm",1
"52","27","warm",1
"52","28","warm",1
"52","29","warm",1
"52","30","warm",0
"52","31","warm",0
"52","32","warm",0
"52","33","warm",0
"52","34","warm",1
"52","35","warm",1
"52","36","warm",0
"52","37","warm",1
"52","38","warm",0
"52","39","warm",1
"52","40","warm",0
"52","41","warm",0
"52","42","warm",0
"52","43","warm",1
"52","44","warm",1
"52","45","warm",1
"52","46","warm",1
"52","47","warm",0
"52","48","warm",0
"52","49","warm",0
"52","50","warm",1
"53","1","some",1
"53","2","some",1
"53","3","some",1
"53","4","some",1
"53","5","some",0
"53","6","some",1
"53","7","some",1
"53","8","some",0
"53","9","some",1
"53","10","some",1
"53","11","some",1
"53","12","some",1
"53","13","some",1
"53","14","some",1
"53","15","some",1
"53","16","some",1
"53","17","some",1
"53","18","some",0
"53","19","some",0
"53","20","some",1
"53","21","some",1
"53","22","some",0
"53","23","some",1
"53","24","some",1
"53","25","some",0
"53","26","warm",1
"53","27","warm",1
"53","28","warm",1
"53","29","warm",0
"53","30","warm",0
"53","31","warm",1
"53","32","warm",0
"53","33","warm",1
"53","34","warm",1
"53","35","warm",1
"53","36","warm",0
"53","37","warm",0
"53","38","warm",1
"53","39","warm",1
"53","40","warm",1
"53","41","warm",1
"53","42","warm",1
"53","43","warm",0
"53","44","warm",0
"53","45","warm",0
"53","46","warm",1
"53","47","warm",0
"53","48","warm",1
"53","49","warm",1
"53","50","warm",1
"54","1","some",1
"54","2","some",1
"54","3","some",1
"54","4","some",1
"54","5","some",1
"54","6","some",0
"54","7","some",1
"54","8","some",1
"54","9","some",0
"54","10","some",1
"54","11","some",1
"54","12","some",1
"54","13","some",1
"54","14","some",0
"54","15","some",1
"54","16","some",1
"54","17","some",1
"54","18","some",1
"54","19","some",1
"54","20","some",1
"54","21","some",1
"54","22","some",1
"54","23","some",0
"54","24","some",1
"54","25","some",1
"54","26","warm",1
"54","27","warm",1
"54","28","warm",0
"54","29","warm",1
"54","30","warm",0
"54","31","warm",0
"54","32","warm",0
"54","33","warm",0
"54","34","warm",1
"54","35","warm",1
"54","36","warm",1
"54","37","warm",0
"54","38","warm",1
"54","39","warm",0
"54","40","warm",0
"54","41","warm",0
"54","42","warm",1
"54","43","warm",0
"54","44","warm",1
"54","45","warm",0
"54","46","warm",1
"54","47","warm",1
"54","48","warm",0
"54","49","warm",1
"54","50","warm",1
"55","1","some",0
"55","2","some",1
"55","3","some",1
"55","4","some",1
"55","5","some",1
"55","6","some",1
"55","7","some",1
"55","8","some",0
"55","9","some",1
"55","10","some",1
"55","11","some",0
"55","12","some",1
"55","13","some",1
"55","14","some",0
"55","15","some",1
"55","16","some",1
"55","17","some",1
"55","18","some",0
"55","19","some",1
"55","20","some",1
"55","21","some",1
"55","22","some",1
"55","23","some",1
"55","24","some",1
"55","25","some",0
"55","26","warm",1
"55","27","warm",0
"55","28","warm",1
"55","29","warm",1
"55","30","warm",1
"55","31","warm",1
"55","32","warm",0
"55","33","warm",1
"55","34","warm",0
"55","35","warm",0
"55","36","warm",1
"55","37","warm",0
"55","38","warm",0
"55","39","warm",1
"55","40","warm",1
"55","41","warm",0
"55","42","warm",1
"55","43","warm",1
"55","44","warm",1
"55","45","warm",0
"55","46","warm",0
"55","47","warm",0
"55","48","warm",1
"55","49","warm",1
"55","50","warm",1
"56","1","some",1
"56","2","some",1
"56","3","some",1
"56","4","some",1
"56","5","some",0
"56","6","some",1
"56","7","some",1
"56","8","some",0
"56","9","some",1
"56","10","some",1
"56","11","some",1
"56","12","some",0
"56","13","some",1
"56","14","some",0
"56","15","some",1
"56","16","some",1
"56","17","some",1
"56","18","some",1
"56","19","some",1
"56","20","some",1
"56","21","some",1
"56","22","some",0
"56","23","some",1
"56","24","some",1
"56","25","some",1
"56","26","warm",1
"56","27","warm",0
"56","28","warm",1
"56","29","warm",0
"56","30","warm",0
"56","31","warm",1
"56","32","warm",1
"56","33","warm",1
"56","34","warm",1
"56","35","warm",1
"56","36","warm",1
"56","37","warm",1
"56","38","warm",1
"56","39","warm",1
"56","40","warm",1
"56","41","warm",1
"56","42","warm",1
"56","43","warm",0
"56","44","warm",1
"56","45","warm",0
"56","46","warm",1
"56","47","warm",1
"56","48","warm",1
"56","49","warm",1
"56","50","warm",0
"57","1","some",1
"57","2","some",0
"57","3","some",1
"57","4","some",1
"57","5","some",1
"57","6","some",1
"57","7","some",1
"57","8","some",1
"57","9","some",0
"57","10","some",1
"57","11","some",1
"57","12","some",1
"57","13","some",0
"57","14","some",1
"57","15","some",1
"57","16","some",1
"57","17","some",1
"57","18","some",1
"57","19","some",1
"57","20","some",1
"57","21","some",1
"57","22","some",0
"57","23","some",1
"57","24","some",1
"57","25","some",1
"57","26","warm",1
"57","27","warm",0
"57","28","warm",1
"57","29","warm",1
"57","30","warm",1
"57","31","warm",1
"57","32","warm",1
"57","33","warm",1
"57","34","warm",0
"57","35","warm",1
"57","36","warm",1
"57","37","warm",0
"57","38","warm",1
"57","39","warm",1
"57","40","warm",1
"57","41","warm",0
"57","42","warm",0
"57","43","warm",0
"57","44","warm",1
"57","45","warm",1
"57","46","warm",0
"57","47","warm",1
"57","48","warm",1
"57","49","warm",1
"57","50","warm",1
"58","1","some",1
"58","2","some",1
"58","3","some",1
"58","4","some",0
"58","5","some",1
"58","6","some",1
"58","7","some",1
"58","8","some",1
"58","9","some",0
"58","10","some",1
"58","11","some",1
"58","12","some",1
"58","13","some",1
"58","14","some",1
"58","15","some",0
"58","16","some",1
"58","17","some",1
"58","18","some",0
"58","19","some",1
"58","20","some",1
"58","21","some",0
"58","22","some",1
"58","23","some",0
"58","24","some",1
"58","25","some",1
"58","26","warm",0
"58","27","warm",1
"58","28","warm",1
"58","29","warm",0
"58","30","warm",1
"58","31","warm",1
"58","32","warm",0
"58","33","warm",1
"58","34","warm",0
"58","35","warm",1
"58","36","warm",1
"58","37","warm",1
"58","38","warm",1
"58","39","warm",1
"58","40","warm",1
"58","41","warm",1
"58","42","warm",0
"58","43","warm",0
"58","44","warm",0
"58","45","warm",1
"58","46","warm",0
"58","47","warm",1
"58","48","warm",1
"58","49","warm",1
"58","50","warm",1
"59","1","some",1
"59","2","some",0
"59","3","some",1
"59","4","some",1
"59","5","some",1
"59","6","some",1
"59","7","some",1
"59","8","some",1
"59","9","some",1
"59","10","some",1
"59","11","some",0
"59","12","some",1
"59","13","some",1
"59","14","some",1
"59","15","some",1
"59","16","some",1
"59","17","some",1
"59","18","some",0
"59","19","some",1
"59","20","some",1
"59","21","some",1
"59","22","some",0
"59","23","some",1
"59","24","some",1
"59","25","some",1
"59","26","warm",1
"59","27","warm",1
"59","28","warm",1
"59","29","warm",0
"59","30","warm",1
"59","31","warm",1
"59","32","warm",1
"59","33","warm",1
"59","34","warm",1
"59","35","warm",0
"59","36","warm",1
"59","37","warm",1
"59","38","warm",0
"59","39","warm",1
"59","40","warm",1
"59","41","warm",1
"59","42","warm",0
"59","43","warm",0
"59","44","warm",1
"59","45","warm",0
"59","46","warm",1
"59","47","warm",1
"59","48","warm",1
"59","49","warm",1
"59","50","warm",0
"60","1","some",0
"60","2","some",1
"60","3","some",0
"60","4","some",1
"60","5","some",0
"60","6","some",1
"60","7","some",0
"60","8","some",0
"60","9","some",1
"60","10","some",1
"60","11","some",1
"60","12","some",1
"60","13","some",1
"60","14","some",1
"60","15","some",1
"60","16","some",0
"60","17","some",1
"60","18","some",1
"60","19","some",1
"60","20","some",0
"60","21","some",1
"60","22","some",1
"60","23","some",0
"60","24","some",0
"60","25","some",1
"60","26","warm",1
"60","27","warm",1
"60","28","warm",0
"60","29","warm",0
"60","30","warm",1
"60","31","warm",1
"60","32","warm",1
"60","33","warm",0
"60","34","warm",1
"60","35","warm",0
"60","36","warm",1
"60","37","warm",0
"60","38","warm",0
"60","39","warm",1
"60","40","warm",0
"60","41","warm",1
"60","42","warm",1
"60","43","warm",1
"60","44","warm",1
"60","45","warm",1
"60","46","warm",1
"60","47","warm",1
"60","48","warm",1
"60","49","warm",1
"60","50","warm",1
"61","1","some",0
"61","2","some",1
"61","3","some",1
"61","4","some",1
"61","5","some",1
"61","6","some",0
"61","7","some",1
"61","8","some",1
"61","9","some",1
"61","10","some",1
"61","11","some",1
"61","12","some",1
"61","13","some",1
"61","14","some",1
"61","15","some",0
"61","16","some",1
"61","17","some",1
"61","18","some",0
"61","19","some",1
"61","20","some",0
"61","21","some",1
"61","22","some",1
"61","23","some",1
"61","24","some",1
"61","25","some",1
"61","26","warm",0
"61","27","warm",1
"61","28","warm",1
"61","29","warm",0
"61","30","warm",1
"61","31","warm",1
"61","32","warm",1
"61","33","warm",1
"61","34","warm",0
"61","35","warm",1
"61","36","warm",1
"61","37","warm",1
"61","38","warm",1
"61","39","warm",1
"61","40","warm",1
"61","41","warm",0
"61","42","warm",0
"61","43","warm",1
"61","44","warm",0
"61","45","warm",1
"61","46","warm",0
"61","47","warm",0
"61","48","warm",0
"61","49","warm",1
"61","50","warm",0
"62","1","some",1
"62","2","some",1
"62","3","some",1
"62","4","some",1
"62","5","some",1
"62","6","some",1
"62","7","some",0
"62","8","some",0
"62","9","some",1
"62","10","some",1
"62","11","some",1
"62","12","some",1
"62","13","some",1
"62","14","some",0
"62","15","some",0
"62","16","some",1
"62","17","some",1
"62","18","some",0
"62","19","some",1
"62","20","some",1
"62","21","some",1
"62","22","some",1
"62","23","some",1
"62","24","some",1
"62","25","some",0
"62","26","warm",1
"62","27","warm",1
"62","28","warm",1
"62","29","warm",0
"62","30","warm",1
"62","31","warm",1
"62","32","warm",1
"62","33","warm",0
"62","34","warm",1
"62","35","warm",0
"62","36","warm",0
"62","37","warm",0
"62","38","warm",1
"62","39","warm",1
"62","40","warm",1
"62","41","warm",1
"62","42","warm",1
"62","43","warm",0
"62","44","warm",1
"62","45","warm",0
"62","46","warm",1
"62","47","warm",1
"62","48","warm",0
"62","49","warm",1
"62","50","warm",0
"63","1","some",0
"63","2","some",0
"63","3","some",1
"63","4","some",1
"63","5","some",1
"63","6","some",1
"63","7","some",0
"63","8","some",0
"63","9","some",0
"63","10","some",1
"63","11","some",1
"63","12","some",1
"63","13","some",1
"63","14","some",1
"63","15","some",0
"63","16","some",1
"63","17","some",1
"63","18","some",1
"63","19","some",1
"63","20","some",1
"63","21","some",1
"63","22","some",0
"63","23","some",1
"63","24","some",0
"63","25","some",1
"63","26","warm",1
"63","27","warm",0
"63","28","warm",1
"63","29","warm",1
"63","30","warm",0
"63","31","warm",1
"63","32","warm",1
"63","33","warm",1
"63","34","warm",1
"63","35","warm",1
"63","36","warm",1
"63","37","warm",0
"63","38","warm",0
"63","39","warm",1
"63","40","warm",1
"63","41","warm",1
"63","42","warm",0
"63","43","warm",1
"63","44","warm",1
"63","45","warm",0
"63","46","warm",1
"63","47","warm",1
"63","48","warm",1
"63","49","warm",0
"63","50","warm",1
"64","1","some",1
"64","2","some",1
"64","3","some",1
"64","4","some",1
"64","5","some",0
"64","6","some",1
"64","7","some",1
"64","8","some",0
"64","9","some",1
"64","10","some",1
"64","11","some",1
"64","12","some",1
"64","13","some",1
"64","14","some",1
"64","15","some",1
"64","16","some",1
"64","17","some",1
"64","18","some",1
"64","19","some",0
"64","20","some",1
"64","21","some",1
"64","22","some",0
"64","23","some",1
"64","24","some",1
"64","25","some",1
"64","26","warm",0
"64","27","warm",1
"64","28","warm",1
"64","29","warm",0
"64","30","warm",1
"64","31","warm",1
"64","32","warm",1
"64","33","warm",1
"64","34","warm",1
"64","35","warm",1
"64","36","warm",0
"64","37","warm",1
"64","38","warm",0
"64","39","warm",0
"64","40","warm",1
"64","41","warm",1
"64","42","warm",0
"64","43","warm",0
"64","44","warm",1
"64","45","warm",1
"64","46","warm",1
"64","47","warm",1
"64","48","warm",1
"64","49","warm",1
"64","50","warm",0
"65","1","some",0
"65","2","some",1
"65","3","some",1
"65","4","some",1
"65","5","some",1
"65","6","some",0
"65","7","some",1
"65","8","some",0
"65","9","some",1
"65","10","some",1
"65","11","some",1
"65","12","some",1
"65","13","some",1
"65","14","some",1
"65","15","some",1
"65","16","some",1
"65","17","some",1
"65","18","some",1
"65","19","some",1
"65","20","some",1
"65","21","some",1
"65","22","some",1
"65","23","some",1
"65","24","some",1
"65","25","some",1
"65","26","warm",1
"65","27","warm",1
"65","28","warm",1
"65","29","warm",0
"65","30","warm",1
"65","31","warm",1
"65","32","warm",1
"65","33","warm",1
"65","34","warm",1
"65","35","warm",0
"65","36","warm",1
"65","37","warm",1
"65","38","warm",1
"65","39","warm",1
"65","40","warm",1
"65","41","warm",1
"65","42","warm",1
"65","43","warm",1
"65","44","warm",0
"65","45","warm",1
"65","46","warm",1
"65","47","warm",0
"65","48","warm",0
"65","49","warm",1
"65","50","warm",0
"66","1","some",1
"66","2","some",0
"66","3","some",1
"66","4","some",0
"66","5","some",1
"66","6","some",0
"66","7","some",1
"66","8","some",1
"66","9","some",0
"66","10","some",0
"66","11","some",1
"66","12","some",1
"66","13","some",1
"66","14","some",1
"66","15","some",1
"66","16","some",1
"66","17","some",1
"66","18","some",1
"66","19","some",1
"66","20","some",1
"66","21","some",1
"66","22","some",0
"66","23","some",0
"66","24","some",0
"66","25","some",0
"66","26","warm",1
"66","27","warm",1
"66","28","warm",1
"66","29","warm",0
"66","30","warm",1
"66","31","warm",1
"66","32","warm",1
"66","33","warm",1
"66","34","warm",1
"66","35","warm",1
"66","36","warm",1
"66","37","warm",1
"66","38","warm",1
"66","39","warm",1
"66","40","warm",1
"66","41","warm",1
"66","42","warm",1
"66","43","warm",1
"66","44","warm",0
"66","45","warm",0
"66","46","warm",1
"66","47","warm",1
"66","48","warm",1
"66","49","warm",0
"66","50","warm",1
"67","1","some",1
"67","2","some",1
"67","3","some",1
"67","4","some",1
"67","5","some",1
"67","6","some",1
"67","7","some",1
"67","8","some",1
"67","9","some",1
"67","10","some",1
"67","11","some",0
"67","12","some",1
"67","13","some",1
"67","14","some",1
"67","15","some",1
"67","16","some",1
"67","17","some",1
"67","18","some",0
"67","19","some",1
"67","20","some",0
"67","21","some",1
"67","22","some",1
"67","23","some",1
"67","24","some",1
"67","25","some",1
"67","26","warm",1
"67","27","warm",1
"67","28","warm",1
"67","29","warm",0
"67","30","warm",1
"67","31","warm",1
"67","32","warm",0
"67","33","warm",0
"67","34","warm",0
"67","35","warm",0
"67","36","warm",1
"67","37","warm",1
"67","38","warm",1
"67","39","warm",1
"67","40","warm",0
"67","41","warm",0
"67","42","warm",0
"67","43","warm",0
"67","44","warm",1
"67","45","warm",1
"67","46","warm",1
"67","47","warm",1
"67","48","warm",0
"67","49","warm",1
"67","50","warm",1
"68","1","some",1
"68","2","some",1
"68","3","some",1
"68","4","some",1
"68","5","some",0
"68","6","some",1
"68","7","some",1
"68","8","some",1
"68","9","some",0
"68","10","some",1
"68","11","some",0
"68","12","some",1
"68","13","some",1
"68","14","some",0
"68","15","some",0
"68","16","some",1
"68","17","some",1
"68","18","some",1
"68","19","some",1
"68","20","some",1
"68","21","some",1
"68","22","some",1
"68","23","some",1
"68","24","some",1
"68","25","some",1
"68","26","warm",1
"68","27","warm",1
"68","28","warm",1
"68","29","warm",1
"68","30","warm",1
"68","31","warm",0
"68","32","warm",1
"68","33","warm",0
"68","34","warm",1
"68","35","warm",0
"68","36","warm",1
"68","37","warm",1
"68","38","warm",1
"68","39","warm",0
"68","40","warm",1
"68","41","warm",1
"68","42","warm",1
"68","43","warm",0
"68","44","warm",1
"68","45","warm",1
"68","46","warm",1
"68","47","warm",0
"68","48","warm",1
"68","49","warm",0
"68","50","warm",1
"69","1","some",1
"69","2","some",1
"69","3","some",1
"69","4","some",1
"69","5","some",1
"69","6","some",0
"69","7","some",1
"69","8","some",1
"69","9","some",1
"69","10","some",1
"69","11","some",1
"69","12","some",1
"69","13","some",1
"69","14","some",1
"69","15","some",1
"69","16","some",1
"69","17","some",1
"69","18","some",1
"69","19","some",1
"69","20","some",1
"69","21","some",1
"69","22","some",0
"69","23","some",0
"69","24","some",1
"69","25","some",1
"69","26","warm",1
"69","27","warm",0
"69","28","warm",1
"69","29","warm",1
"69","30","warm",0
"69","31","warm",1
"69","32","warm",0
"69","33","warm",1
"69","34","warm",0
"69","35","warm",0
"69","36","warm",0
"69","37","warm",1
"69","38","warm",0
"69","39","warm",1
"69","40","warm",1
"69","41","warm",0
"69","42","warm",1
"69","43","warm",1
"69","44","warm",1
"69","45","warm",0
"69","46","warm",1
"69","47","warm",1
"69","48","warm",1
"69","49","warm",1
"69","50","warm",1
"70","1","some",1
"70","2","some",0
"70","3","some",0
"70","4","some",0
"70","5","some",1
"70","6","some",1
"70","7","some",1
"70","8","some",0
"70","9","some",1
"70","10","some",1
"70","11","some",1
"70","12","some",0
"70","13","some",1
"70","14","some",1
"70","15","some",1
"70","16","some",1
"70","17","some",1
"70","18","some",1
"70","19","some",1
"70","20","some",0
"70","21","some",1
"70","22","some",1
"70","23","some",1
"70","24","some",1
"70","25","some",1
"70","26","warm",1
"70","27","warm",1
"70","28","warm",1
"70","29","warm",0
"70","30","warm",1
"70","31","warm",0
"70","32","warm",1
"70","33","warm",0
"70","34","warm",1
"70","35","warm",0
"70","36","warm",1
"70","37","warm",1
"70","38","warm",1
"70","39","warm",1
"70","40","warm",0
"70","41","warm",0
"70","42","warm",1
"70","43","warm",1
"70","44","warm",1
"70","45","warm",0
"70","46","warm",1
"70","47","warm",1
"70","48","warm",1
"70","49","warm",1
"70","50","warm",1
"71","1","some",1
"71","2","some",1
"71","3","some",1
"71","4","some",1
"71","5","some",1
"71","6","some",0
"71","7","some",1
"71","8","some",1
"71","9","some",1
"71","10","some",1
"71","11","some",1
"71","12","some",1
"71","13","some",0
"71","14","some",1
"71","15","some",1
"71","16","some",1
"71","17","some",1
"71","18","some",0
"71","19","some",1
"71","20","some",1
"71","21","some",1
"71","22","some",1
"71","23","some",1
"71","24","some",1
"71","25","some",1
"71","26","warm",1
"71","27","warm",0
"71","28","warm",1
"71","29","warm",0
"71","30","warm",1
"71","31","warm",1
"71","32","warm",1
"71","33","warm",0
"71","34","warm",1
"71","35","warm",1
"71","36","warm",1
"71","37","warm",1
"71","38","warm",0
"71","39","warm",1
"71","40","warm",1
"71","41","warm",1
"71","42","warm",0
"71","43","warm",0
"71","44","warm",1
"71","45","warm",0
"71","46","warm",1
"71","47","warm",1
"71","48","warm",1
"71","49","warm",1
"71","50","warm",1
"72","1","some",0
"72","2","some",1
"72","3","some",1
"72","4","some",1
"72","5","some",1
"72","6","some",1
"72","7","some",1
"72","8","some",1
"72","9","some",1
"72","10","some",1
"72","11","some",0
"72","12","some",1
"72","13","some",1
"72","14","some",0
"72","15","some",1
"72","16","some",1
"72","17","some",0
"72","18","some",1
"72","19","some",1
"72","20","some",1
"72","21","some",1
"72","22","some",1
"72","23","some",1
"72","24","some",1
"72","25","some",1
"72","26","warm",0
"72","27","warm",0
"72","28","warm",0
"72","29","warm",1
"72","30","warm",1
"72","31","warm",1
"72","32","warm",1
"72","33","warm",0
"72","34","warm",1
"72","35","warm",1
"72","36","warm",1
"72","37","warm",0
"72","38","warm",0
"72","39","warm",0
"72","40","warm",0
"72","41","warm",0
"72","42","warm",1
"72","43","warm",1
"72","44","warm",0
"72","45","warm",1
"72","46","warm",1
"72","47","warm",1
"72","48","warm",0
"72","49","warm",1
"72","50","warm",1
"73","1","some",0
"73","2","some",1
"73","3","some",0
"73","4","some",1
"73","5","some",1
"73","6","some",1
"73","7","some",1
"73","8","some",1
"73","9","some",1
"73","10","some",1
"73","11","some",1
"73","12","some",1
"73","13","some",0
"73","14","some",1
"73","15","some",1
"73","16","some",1
"73","17","some",1
"73","18","some",1
"73","19","some",1
"73","20","some",1
"73","21","some",1
"73","22","some",1
"73","23","some",1
"73","24","some",1
"73","25","some",1
"73","26","warm",1
"73","27","warm",1
"73","28","warm",1
"73","29","warm",1
"73","30","warm",0
"73","31","warm",1
"73","32","warm",1
"73","33","warm",0
"73","34","warm",1
"73","35","warm",1
"73","36","warm",1
"73","37","warm",1
"73","38","warm",1
"73","39","warm",0
"73","40","warm",0
"73","41","warm",1
"73","42","warm",0
"73","43","warm",0
"73","44","warm",1
"73","45","warm",1
"73","46","warm",1
"73","47","warm",1
"73","48","warm",1
"73","49","warm",1
"73","50","warm",1
"74","1","some",1
"74","2","some",1
"74","3","some",0
"74","4","some",1
"74","5","some",1
"74","6","some",0
"74","7","some",0
"74","8","some",0
"74","9","some",1
"74","10","some",0
"74","11","some",1
"74","12","some",1
"74","13","some",1
"74","14","some",0
"74","15","some",1
"74","16","some",1
"74","17","some",1
"74","18","some",1
"74","19","some",0
"74","20","some",1
"74","21","some",1
"74","22","some",0
"74","23","some",1
"74","24","some",1
"74","25","some",1
"74","26","warm",1
"74","27","warm",1
"74","28","warm",1
"74","29","warm",1
"74","30","warm",1
"74","31","warm",1
"74","32","warm",1
"74","33","warm",1
"74","34","warm",1
"74","35","warm",0
"74","36","warm",1
"74","37","warm",0
"74","38","warm",1
"74","39","warm",1
"74","40","warm",1
"74","41","warm",0
"74","42","warm",1
"74","43","warm",1
"74","44","warm",0
"74","45","warm",0
"74","46","warm",1
"74","47","warm",1
"74","48","warm",1
"74","49","warm",0
"74","50","warm",1
"75","1","some",1
"75","2","some",1
"75","3","some",1
"75","4","some",1
"75","5","some",1
"75","6","some",1
"75","7","some",1
"75","8","some",1
"75","9","some",0
"75","10","some",1
"75","11","some",1
"75","12","some",1
"75","13","some",0
"75","14","some",1
"75","15","some",0
"75","16","some",1
"75","17","some",1
"75","18","some",0
"75","19","some",1
"75","20","some",0
"75","21","some",1
"75","22","some",0
"75","23","some",1
"75","24","some",1
"75","25","some",1
"75","26","warm",0
"75","27","warm",0
"75","28","warm",1
"75","29","warm",1
"75","30","warm",0
"75","31","warm",1
"75","32","warm",1
"75","33","warm",0
"75","34","warm",1
"75","35","warm",0
"75","36","warm",0
"75","37","warm",1
"75","38","warm",1
"75","39","warm",0
"75","40","warm",1
"75","41","warm",0
"75","42","warm",0
"75","43","warm",0
"75","44","warm",0
"75","45","warm",0
"75","46","warm",1
"75","47","warm",1
"75","48","warm",1
"75","49","warm",1
"75","50","warm",1
"76","1","some",1
"76","2","some",1
"76","3","some",1
"76","4","some",1
"76","5","some",1
"76","6","some",1
"76","7","some",1
"76","8","some",1
"76","9","some",1
"76","10","some",1
"76","11","some",1
"76","12","some",0
"76","13","some",1
"76","14","some",0
"76","15","some",1
"76","16","some",0
"76","17","some",0
"76","18","some",1
"76","19","some",1
"76","20","some",0
"76","21","some",1
"76","22","some",0
"76","23","some",1
"76","24","some",1
"76","25","some",1
"76","26","warm",1
"76","27","warm",0
"76","28","warm",1
"76","29","warm",1
"76","30","warm",1
"76","31","warm",0
"76","32","warm",0
"76","33","warm",0
"76","34","warm",1
"76","35","warm",0
"76","36","warm",1
"76","37","warm",0
"76","38","warm",0
"76","39","warm",1
"76","40","warm",1
"76","41","warm",1
"76","42","warm",1
"76","43","warm",1
"76","44","warm",1
"76","45","warm",1
"76","46","warm",0
"76","47","warm",1
"76","48","warm",1
"76","49","warm",1
"76","50","warm",1
"77","1","some",1
"77","2","some",1
"77","3","some",1
"77","4","some",0
"77","5","some",1
"77","6","some",0
"77","7","some",0
"77","8","some",0
"77","9","some",1
"77","10","some",0
"77","11","some",1
"77","12","some",0
"77","13","some",1
"77","14","some",0
"77","15","some",1
"77","16","some",1
"77","17","some",1
"77","18","some",1
"77","19","some",1
"77","20","some",1
"77","21","some",1
"77","22","some",1
"77","23","some",1
"77","24","some",0
"77","25","some",0
"77","26","warm",0
"77","27","warm",0
"77","28","warm",1
"77","29","warm",1
"77","30","warm",1
"77","31","warm",1
"77","32","warm",1
"77","33","warm",0
"77","34","warm",0
"77","35","warm",0
"77","36","warm",0
"77","37","warm",0
"77","38","warm",1
"77","39","warm",1
"77","40","warm",1
"77","41","warm",0
"77","42","warm",1
"77","43","warm",1
"77","44","warm",1
"77","45","warm",1
"77","46","warm",1
"77","47","warm",1
"77","48","warm",1
"77","49","warm",1
"77","50","warm",0
"78","1","some",1
"78","2","some",1
"78","3","some",0
"78","4","some",1
"78","5","some",1
"78","6","some",1
"78","7","some",1
"78","8","some",0
"78","9","some",0
"78","10","some",1
"78","11","some",0
"78","12","some",1
"78","13","some",1
"78","14","some",0
"78","15","some",1
"78","16","some",1
"78","17","some",1
"78","18","some",1
"78","19","some",1
"78","20","some",0
"78","21","some",1
"78","22","some",1
"78","23","some",0
"78","24","some",1
"78","25","some",1
"78","26","warm",0
"78","27","warm",0
"78","28","warm",0
"78","29","warm",1
"78","30","warm",1
"78","31","warm",1
"78","32","warm",0
"78","33","warm",1
"78","34","warm",1
"78","35","warm",0
"78","36","warm",1
"78","37","warm",0
"78","38","warm",1
"78","39","warm",0
"78","40","warm",0
"78","41","warm",0
"78","42","warm",1
"78","43","warm",1
"78","44","warm",1
"78","45","warm",0
"78","46","warm",1
"78","47","warm",1
"78","48","warm",1
"78","49","warm",1
"78","50","warm",0
"79","1","some",1
"79","2","some",1
"79","3","some",0
"79","4","some",1
"79","5","some",1
"79","6","some",1
"79","7","some",1
"79","8","some",1
"79","9","some",1
"79","10","some",1
"79","11","some",1
"79","12","some",1
"79","13","some",1
"79","14","some",1
"79","15","some",1
"79","16","some",1
"79","17","some",1
"79","18","some",0
"79","19","some",1
"79","20","some",1
"79","21","some",1
"79","22","some",0
"79","23","some",1
"79","24","some",1
"79","25","some",0
"79","26","warm",0
"79","27","warm",1
"79","28","warm",1
"79","29","warm",0
"79","30","warm",0
"79","31","warm",1
"79","32","warm",1
"79","33","warm",1
"79","34","warm",0
"79","35","warm",0
"79","36","warm",1
"79","37","warm",0
"79","38","warm",1
"79","39","warm",1
"79","40","warm",0
"79","41","warm",0
"79","42","warm",1
"79","43","warm",1
"79","44","warm",0
"79","45","warm",1
"79","46","warm",0
"79","47","warm",0
"79","48","warm",0
"79","49","warm",0
"79","50","warm",0
"80","1","some",0
"80","2","some",1
"80","3","some",1
"80","4","some",0
"80","5","some",0
"80","6","some",1
"80","7","some",0
"80","8","some",1
"80","9","some",1
"80","10","some",1
"80","11","some",1
"80","12","some",1
"80","13","some",1
"80","14","some",0
"80","15","some",1
"80","16","some",1
"80","17","some",1
"80","18","some",1
"80","19","some",1
"80","20","some",1
"80","21","some",0
"80","22","some",1
"80","23","some",1
"80","24","some",1
"80","25","some",1
"80","26","warm",0
"80","27","warm",0
"80","28","warm",0
"80","29","warm",0
"80","30","warm",1
"80","31","warm",1
"80","32","warm",1
"80","33","warm",0
"80","34","warm",0
"80","35","warm",0
"80","36","warm",1
"80","37","warm",1
"80","38","warm",0
"80","39","warm",0
"80","40","warm",1
"80","41","warm",1
"80","42","warm",0
"80","43","warm",1
"80","44","warm",1
"80","45","warm",0
"80","46","warm",1
"80","47","warm",1
"80","48","warm",0
"80","49","warm",1
"80","50","warm",1
"81","1","some",1
"81","2","some",1
"81","3","some",1
"81","4","some",1
"81","5","some",1
"81","6","some",0
"81","7","some",1
"81","8","some",1
"81","9","some",1
"81","10","some",1
"81","11","some",1
"81","12","some",1
"81","13","some",1
"81","14","some",0
"81","15","some",1
"81","16","some",1
"81","17","some",1
"81","18","some",1
"81","19","some",1
"81","20","some",1
"81","21","some",1
"81","22","some",1
"81","23","some",1
"81","24","some",1
"81","25","some",1
"81","26","warm",1
"81","27","warm",1
"81","28","warm",1
"81","29","warm",1
"81","30","warm",1
"81","31","warm",1
"81","32","warm",1
"81","33","warm",0
"81","34","warm",1
"81","35","warm",1
"81","36","warm",0
"81","37","warm",1
"81","38","warm",1
"81","39","warm",1
"81","40","warm",0
"81","41","warm",0
"81","42","warm",1
"81","43","warm",0
"81","44","warm",1
"81","45","warm",0
"81","46","warm",1
"81","47","warm",1
"81","48","warm",1
"81","49","warm",1
"81","50","warm",0
"82","1","some",1
"82","2","some",0
"82","3","some",1
"82","4","some",1
"82","5","some",1
"82","6","some",0
"82","7","some",1
"82","8","some",1
"82","9","some",1
"82","10","some",1
"82","11","some",1
"82","12","some",1
"82","13","some",1
"82","14","some",1
"82","15","some",1
"82","16","some",1
"82","17","some",1
"82","18","some",1
"82","19","some",1
"82","20","some",1
"82","21","some",1
"82","22","some",0
"82","23","some",1
"82","24","some",1
"82","25","some",1
"82","26","warm",1
"82","27","warm",1
"82","28","warm",1
"82","29","warm",0
"82","30","warm",0
"82","31","warm",1
"82","32","warm",1
"82","33","warm",0
"82","34","warm",1
"82","35","warm",1
"82","36","warm",1
"82","37","warm",0
"82","38","warm",1
"82","39","warm",1
"82","40","warm",1
"82","41","warm",0
"82","42","warm",1
"82","43","warm",1
"82","44","warm",1
"82","45","warm",0
"82","46","warm",0
"82","47","warm",1
"82","48","warm",1
"82","49","warm",1
"82","50","warm",0
"83","1","some",1
"83","2","some",1
"83","3","some",0
"83","4","some",1
"83","5","some",1
"83","6","some",0
"83","7","some",0
"83","8","some",0
"83","9","some",1
"83","10","some",1
"83","11","some",0
"83","12","some",0
"83","13","some",1
"83","14","some",0
"83","15","some",1
"83","16","some",1
"83","17","some",1
"83","18","some",1
"83","19","some",0
"83","20","some",1
"83","21","some",1
"83","22","some",1
"83","23","some",1
"83","24","some",0
"83","25","some",0
"83","26","warm",0
"83","27","warm",1
"83","28","warm",0
"83","29","warm",0
"83","30","warm",0
"83","31","warm",0
"83","32","warm",0
"83","33","warm",0
"83","34","warm",1
"83","35","warm",1
"83","36","warm",0
"83","37","warm",1
"83","38","warm",1
"83","39","warm",1
"83","40","warm",0
"83","41","warm",1
"83","42","warm",1
"83","43","warm",0
"83","44","warm",1
"83","45","warm",1
"83","46","warm",1
"83","47","warm",1
"83","48","warm",0
"83","49","warm",1
"83","50","warm",0
"84","1","some",1
"84","2","some",1
"84","3","some",0
"84","4","some",1
"84","5","some",1
"84","6","some",1
"84","7","some",1
"84","8","some",1
"84","9","some",1
"84","10","some",1
"84","11","some",1
"84","12","some",1
"84","13","some",1
"84","14","some",1
"84","15","some",1
"84","16","some",1
"84","17","some",0
"84","18","some",0
"84","19","some",1
"84","20","some",1
"84","21","some",0
"84","22","some",1
"84","23","some",1
"84","24","some",1
"84","25","some",1
"84","26","warm",1
"84","27","warm",0
"84","28","warm",1
"84","29","warm",1
"84","30","warm",1
"84","31","warm",0
"84","32","warm",1
"84","33","warm",1
"84","34","warm",1
"84","35","warm",1
"84","36","warm",1
"84","37","warm",1
"84","38","warm",0
"84","39","warm",1
"84","40","warm",1
"84","41","warm",0
"84","42","warm",1
"84","43","warm",0
"84","44","warm",0
"84","45","warm",1
"84","46","warm",1
"84","47","warm",1
"84","48","warm",0
"84","49","warm",1
"84","50","warm",1
"85","1","some",1
"85","2","some",1
"85","3","some",1
"85","4","some",0
"85","5","some",1
"85","6","some",0
"85","7","some",1
"85","8","some",1
"85","9","some",1
"85","10","some",1
"85","11","some",1
"85","12","some",1
"85","13","some",1
"85","14","some",0
"85","15","some",1
"85","16","some",1
"85","17","some",1
"85","18","some",1
"85","19","some",1
"85","20","some",1
"85","21","some",1
"85","22","some",0
"85","23","some",0
"85","24","some",1
"85","25","some",0
"85","26","warm",1
"85","27","warm",1
"85","28","warm",1
"85","29","warm",1
"85","30","warm",1
"85","31","warm",0
"85","32","warm",0
"85","33","warm",1
"85","34","warm",0
"85","35","warm",0
"85","36","warm",0
"85","37","warm",1
"85","38","warm",0
"85","39","warm",1
"85","40","warm",1
"85","41","warm",1
"85","42","warm",1
"85","43","warm",0
"85","44","warm",0
"85","45","warm",1
"85","46","warm",0
"85","47","warm",0
"85","48","warm",0
"85","49","warm",1
"85","50","warm",1
"86","1","some",1
"86","2","some",0
"86","3","some",0
"86","4","some",1
"86","5","some",1
"86","6","some",1
"86","7","some",0
"86","8","some",1
"86","9","some",1
"86","10","some",1
"86","11","some",1
"86","12","some",1
"86","13","some",1
"86","14","some",1
"86","15","some",0
"86","16","some",1
"86","17","some",1
"86","18","some",0
"86","19","some",1
"86","20","some",1
"86","21","some",1
"86","22","some",0
"86","23","some",1
"86","24","some",1
"86","25","some",1
"86","26","warm",0
"86","27","warm",0
"86","28","warm",1
"86","29","warm",0
"86","30","warm",1
"86","31","warm",1
"86","32","warm",1
"86","33","warm",1
"86","34","warm",1
"86","35","warm",0
"86","36","warm",0
"86","37","warm",0
"86","38","warm",0
"86","39","warm",1
"86","40","warm",1
"86","41","warm",1
"86","42","warm",1
"86","43","warm",0
"86","44","warm",1
"86","45","warm",1
"86","46","warm",1
"86","47","warm",0
"86","48","warm",1
"86","49","warm",1
"86","50","warm",0
"87","1","some",1
"87","2","some",1
"87","3","some",1
"87","4","some",1
"87","5","some",1
"87","6","some",0
"87","7","some",1
"87","8","some",1
"87","9","some",0
"87","10","some",0
"87","11","some",1
"87","12","some",0
"87","13","some",1
"87","14","some",0
"87","15","some",1
"87","16","some",0
"87","17","some",0
"87","18","some",1
"87","19","some",1
"87","20","some",0
"87","21","some",0
"87","22","some",1
"87","23","some",1
"87","24","some",0
"87","25","some",0
"87","26","warm",1
"87","27","warm",0
"87","28","warm",0
"87","29","warm",1
"87","30","warm",1
"87","31","warm",1
"87","32","warm",0
"87","33","warm",1
"87","34","warm",0
"87","35","warm",0
"87","36","warm",1
"87","37","warm",1
"87","38","warm",0
"87","39","warm",0
"87","40","warm",1
"87","41","warm",1
"87","42","warm",1
"87","43","warm",1
"87","44","warm",1
"87","45","warm",0
"87","46","warm",1
"87","47","warm",0
"87","48","warm",1
"87","49","warm",0
"87","50","warm",1
"88","1","some",0
"88","2","some",0
"88","3","some",1
"88","4","some",1
"88","5","some",1
"88","6","some",1
"88","7","some",1
"88","8","some",1
"88","9","some",1
"88","10","some",1
"88","11","some",0
"88","12","some",1
"88","13","some",1
"88","14","some",0
"88","15","some",0
"88","16","some",1
"88","17","some",1
"88","18","some",0
"88","19","some",0
"88","20","some",1
"88","21","some",1
"88","22","some",1
"88","23","some",1
"88","24","some",0
"88","25","some",0
"88","26","warm",1
"88","27","warm",0
"88","28","warm",0
"88","29","warm",0
"88","30","warm",1
"88","31","warm",1
"88","32","warm",1
"88","33","warm",0
"88","34","warm",1
"88","35","warm",0
"88","36","warm",1
"88","37","warm",0
"88","38","warm",0
"88","39","warm",1
"88","40","warm",1
"88","41","warm",1
"88","42","warm",1
"88","43","warm",1
"88","44","warm",1
"88","45","warm",0
"88","46","warm",1
"88","47","warm",0
"88","48","warm",0
"88","49","warm",1
"88","50","warm",0
"89","1","some",1
"89","2","some",1
"89","3","some",1
"89","4","some",1
"89","5","some",1
"89","6","some",1
"89","7","some",1
"89","8","some",0
"89","9","some",1
"89","10","some",1
"89","11","some",0
"89","12","some",1
"89","13","some",1
"89","14","some",1
"89","15","some",0
"89","16","some",1
"89","17","some",1
"89","18","some",0
"89","19","some",1
"89","20","some",0
"89","21","some",1
"89","22","some",0
"89","23","some",1
"89","24","some",0
"89","25","some",1
"89","26","warm",0
"89","27","warm",0
"89","28","warm",1
"89","29","warm",1
"89","30","warm",0
"89","31","warm",1
"89","32","warm",1
"89","33","warm",0
"89","34","warm",1
"89","35","warm",0
"89","36","warm",0
"89","37","warm",1
"89","38","warm",0
"89","39","warm",1
"89","40","warm",0
"89","41","warm",0
"89","42","warm",1
"89","43","warm",0
"89","44","warm",1
"89","45","warm",1
"89","46","warm",1
"89","47","warm",1
"89","48","warm",1
"89","49","warm",1
"89","50","warm",1
"90","1","some",1
"90","2","some",1
"90","3","some",0
"90","4","some",1
"90","5","some",1
"90","6","some",1
"90","7","some",0
"90","8","some",0
"90","9","some",1
"90","10","some",1
"90","11","some",1
"90","12","some",1
"90","13","some",0
"90","14","some",1
"90","15","some",1
"90","16","some",1
"90","17","some",1
"90","18","some",1
"90","19","some",0
"90","20","some",1
"90","21","some",1
"90","22","some",0
"90","23","some",1
"90","24","some",1
"90","25","some",1
"90","26","warm",1
"90","27","warm",1
"90","28","warm",1
"90","29","warm",1
"90","30","warm",0
"90","31","warm",0
"90","32","warm",1
"90","33","warm",1
"90","34","warm",1
"90","35","warm",0
"90","36","warm",1
"90","37","warm",0
"90","38","warm",0
"90","39","warm",1
"90","40","warm",1
"90","41","warm",0
"90","42","warm",1
"90","43","warm",0
"90","44","warm",1
"90","45","warm",0
"90","46","warm",1
"90","47","warm",1
"90","48","warm",0
"90","49","warm",1
"90","50","warm",1
"91","1","some",1
"91","2","some",0
"91","3","some",1
"91","4","some",1
"91","5","some",1
"91","6","some",0
"91","7","some",1
"91","8","some",0
"91","9","some",1
"91","10","some",0
"91","11","some",1
"91","12","some",1
"91","13","some",0
"91","14","some",0
"91","15","some",0
"91","16","some",0
"91","17","some",0
"91","18","some",0
"91","19","some",0
"91","20","some",0
"91","21","some",0
"91","22","some",1
"91","23","some",1
"91","24","some",1
"91","25","some",1
"91","26","warm",0
"91","27","warm",0
"91","28","warm",1
"91","29","warm",1
"91","30","warm",1
"91","31","warm",0
"91","32","warm",1
"91","33","warm",0
"91","34","warm",1
"91","35","warm",0
"91","36","warm",1
"91","37","warm",0
"91","38","warm",1
"91","39","warm",1
"91","40","warm",1
"91","41","warm",0
"91","42","warm",1
"91","43","warm",0
"91","44","warm",1
"91","45","warm",1
"91","46","warm",1
"91","47","warm",1
"91","48","warm",1
"91","49","warm",0
"91","50","warm",1
"92","1","some",1
"92","2","some",0
"92","3","some",0
"92","4","some",1
"92","5","some",1
"92","6","some",1
"92","7","some",1
"92","8","some",1
"92","9","some",0
"92","10","some",1
"92","11","some",1
"92","12","some",1
"92","13","some",0
"92","14","some",0
"92","15","some",1
"92","16","some",1
"92","17","some",1
"92","18","some",1
"92","19","some",1
"92","20","some",0
"92","21","some",1
"92","22","some",1
"92","23","some",0
"92","24","some",1
"92","25","some",1
"92","26","warm",1
"92","27","warm",1
"92","28","warm",1
"92","29","warm",0
"92","30","warm",1
"92","31","warm",1
"92","32","warm",1
"92","33","warm",0
"92","34","warm",0
"92","35","warm",1
"92","36","warm",1
"92","37","warm",0
"92","38","warm",1
"92","39","warm",1
"92","40","warm",1
"92","41","warm",1
"92","42","warm",1
"92","43","warm",0
"92","44","warm",1
"92","45","warm",1
"92","46","warm",0
"92","47","warm",1
"92","48","warm",1
"92","49","warm",0
"92","50","warm",0
"93","1","some",0
"93","2","some",1
"93","3","some",1
"93","4","some",1
"93","5","some",0
"93","6","some",1
"93","7","some",0
"93","8","some",0
"93","9","some",1
"93","10","some",0
"93","11","some",1
"93","12","some",1
"93","13","some",1
"93","14","some",1
"93","15","some",0
"93","16","some",1
"93","17","some",1
"93","18","some",0
"93","19","some",1
"93","20","some",1
"93","21","some",1
"93","22","some",0
"93","23","some",1
"93","24","some",0
"93","25","some",1
"93","26","warm",0
"93","27","warm",0
"93","28","warm",1
"93","29","warm",1
"93","30","warm",1
"93","31","warm",1
"93","32","warm",1
"93","33","warm",1
"93","34","warm",1
"93","35","warm",1
"93","36","warm",1
"93","37","warm",1
"93","38","warm",1
"93","39","warm",1
"93","40","warm",1
"93","41","warm",1
"93","42","warm",1
"93","43","warm",0
"93","44","warm",1
"93","45","warm",0
"93","46","warm",1
"93","47","warm",0
"93","48","warm",1
"93","49","warm",1
"93","50","warm",1
"94","1","some",1
"94","2","some",1
"94","3","some",1
"94","4","some",0
"94","5","some",0
"94","6","some",1
"94","7","some",1
"94","8","some",1
"94","9","some",1
"94","10","some",1
"94","11","some",1
"94","12","some",1
"94","13","some",1
"94","14","some",1
"94","15","some",1
"94","16","some",1
"94","17","some",1
"94","18","some",1
"94","19","some",1
"94","20","some",1
"94","21","some",1
"94","22","some",1
"94","23","some",1
"94","24","some",1
"94","25","some",1
"94","26","warm",1
"94","27","warm",0
"94","28","warm",1
"94","29","warm",1
"94","30","warm",1
"94","31","warm",1
"94","32","warm",1
"94","33","warm",0
"94","34","warm",0
"94","35","warm",1
"94","36","warm",1
"94","37","warm",0
"94","38","warm",0
"94","39","warm",1
"94","40","warm",0
"94","41","warm",0
"94","42","warm",1
"94","43","warm",1
"94","44","warm",1
"94","45","warm",1
"94","46","warm",1
"94","47","warm",0
"94","48","warm",1
"94","49","warm",1
"94","50","warm",1
"95","1","some",0
"95","2","some",1
"95","3","some",0
"95","4","some",0
"95","5","some",1
"95","6","some",1
"95","7","some",0
"95","8","some",1
"95","9","some",1
"95","10","some",1
"95","11","some",1
"95","12","some",1
"95","13","some",1
"95","14","some",1
"95","15","some",1
"95","16","some",1
"95","17","some",1
"95","18","some",0
"95","19","some",1
"95","20","some",1
"95","21","some",1
"95","22","some",1
"95","23","some",1
"95","24","some",1
"95","25","some",1
"95","26","warm",1
"95","27","warm",1
"95","28","warm",0
"95","29","warm",1
"95","30","warm",1
"95","31","warm",1
"95","32","warm",0
"95","33","warm",0
"95","34","warm",1
"95","35","warm",0
"95","36","warm",1
"95","37","warm",0
"95","38","warm",0
"95","39","warm",1
"95","40","warm",1
"95","41","warm",1
"95","42","warm",1
"95","43","warm",0
"95","44","warm",0
"95","45","warm",1
"95","46","warm",1
"95","47","warm",1
"95","48","warm",1
"95","49","warm",1
"95","50","warm",0
"96","1","some",1
"96","2","some",1
"96","3","some",1
"96","4","some",1
"96","5","some",1
"96","6","some",1
"96","7","some",1
"96","8","some",0
"96","9","some",1
"96","10","some",1
"96","11","some",0
"96","12","some",1
"96","13","some",1
"96","14","some",1
"96","15","some",1
"96","16","some",1
"96","17","some",1
"96","18","some",1
"96","19","some",1
"96","20","some",1
"96","21","some",1
"96","22","some",1
"96","23","some",1
"96","24","some",1
"96","25","some",1
"96","26","warm",0
"96","27","warm",0
"96","28","warm",1
"96","29","warm",1
"96","30","warm",0
"96","31","warm",1
"96","32","warm",1
"96","33","warm",1
"96","34","warm",1
"96","35","warm",0
"96","36","warm",1
"96","37","warm",0
"96","38","warm",0
"96","39","warm",1
"96","40","warm",1
"96","41","warm",1
"96","42","warm",1
"96","43","warm",1
"96","44","warm",1
"96","45","warm",1
"96","46","warm",1
"96","47","warm",0
"96","48","warm",0
"96","49","warm",1
"96","50","warm",1
"97","1","some",1
"97","2","some",1
"97","3","some",0
"97","4","some",1
"97","5","some",1
"97","6","some",1
"97","7","some",0
"97","8","some",1
"97","9","some",0
"97","10","some",1
"97","11","some",0
"97","12","some",1
"97","13","some",1
"97","14","some",0
"97","15","some",1
"97","16","some",0
"97","17","some",1
"97","18","some",0
"97","19","some",1
"97","20","some",1
"97","21","some",1
"97","22","some",0
"97","23","some",1
"97","24","some",0
"97","25","some",1
"97","26","warm",0
"97","27","warm",1
"97","28","warm",1
"97","29","warm",1
"97","30","warm",0
"97","31","warm",1
"97","32","warm",1
"97","33","warm",1
"97","34","warm",0
"97","35","warm",0
"97","36","warm",0
"97","37","warm",0
"97","38","warm",0
"97","39","warm",1
"97","40","warm",1
"97","41","warm",1
"97","42","warm",1
"97","43","warm",1
"97","44","warm",1
"97","45","warm",0
"97","46","warm",1
"97","47","warm",1
"97","48","warm",1
"97","49","warm",1
"97","50","warm",0
"98","1","some",0
"98","2","some",1
"98","3","some",1
"98","4","some",1
"98","5","some",1
"98","6","some",0
"98","7","some",1
"98","8","some",1
"98","9","some",0
"98","10","some",1
"98","11","some",0
"98","12","some",1
"98","13","some",1
"98","14","some",0
"98","15","some",1
"98","16","some",1
"98","17","some",0
"98","18","some",1
"98","19","some",0
"98","20","some",1
"98","21","some",1
"98","22","some",0
"98","23","some",1
"98","24","some",1
"98","25","some",1
"98","26","warm",1
"98","27","warm",0
"98","28","warm",1
"98","29","warm",1
"98","30","warm",0
"98","31","warm",1
"98","32","warm",1
"98","33","warm",1
"98","34","warm",1
"98","35","warm",0
"98","36","warm",1
"98","37","warm",1
"98","38","warm",1
"98","39","warm",1
"98","40","warm",1
"98","41","warm",0
"98","42","warm",1
"98","43","warm",0
"98","44","warm",1
"98","45","warm",1
"98","46","warm",1
"98","47","warm",1
"98","48","warm",1
"98","49","warm",1
"98","50","warm",1
"99","1","some",1
"99","2","some",1
"99","3","some",1
"99","4","some",0
"99","5","some",1
"99","6","some",0
"99","7","some",1
"99","8","some",1
"99","9","some",1
"99","10","some",1
"99","11","some",1
"99","12","some",1
"99","13","some",1
"99","14","some",0
"99","15","some",1
"99","16","some",0
"99","17","some",1
"99","18","some",1
"99","19","some",1
"99","20","some",1
"99","21","some",1
"99","22","some",0
"99","23","some",1
"99","24","some",0
"99","25","some",0
"99","26","warm",0
"99","27","warm",1
"99","28","warm",0
"99","29","warm",1
"99","30","warm",0
"99","31","warm",0
"99","32","warm",0
"99","33","warm",1
"99","34","warm",1
"99","35","warm",0
"99","36","warm",1
"99","37","warm",0
"99","38","warm",1
"99","39","warm",1
"99","40","warm",0
"99","41","warm",1
"99","42","warm",0
"99","43","warm",0
"99","44","warm",1
"99","45","warm",0
"99","46","warm",1
"99","47","warm",1
"99","48","warm",0
"99","49","warm",0
"99","50","warm",1
"100","1","some",1
"100","2","some",1
"100","3","some",1
"100","4","some",1
"100","5","some",0
"100","6","some",1
"100","7","some",1
"100","8","some",0
"100","9","some",1
"100","10","some",0
"100","11","some",1
"100","12","some",1
"100","13","some",1
"100","14","some",1
"100","15","some",1
"100","16","some",1
"100","17","some",1
"100","18","some",0
"100","19","some",0
"100","20","some",0
"100","21","some",1
"100","22","some",1
"100","23","some",1
"100","24","some",1
"100","25","some",0
"100","26","warm",1
"100","27","warm",1
"100","28","warm",0
"100","29","warm",1
"100","30","warm",1
"100","31","warm",1
"100","32","warm",1
"100","33","warm",1
"100","34","warm",0
"100","35","warm",0
"100","36","warm",1
"100","37","warm",0
"100","38","warm",1
"100","39","warm",0
"100","40","warm",1
"100","41","warm",1
"100","42","warm",0
"100","43","warm",1
"100","44","warm",0
"100","45","warm",0
"100","46","warm",1
"100","47","warm",1
"100","48","warm",0
"100","49","warm",0
"100","50","warm",0
